id,domain,status,purchase_price,renewal_price,attractiveness,demand,length,registrar,created_at,expires_at,status_verified_at
df75964e-0ba3-45c3-9a44-953a7b007142,discordant.nexus,available,12.98,15.98,medium,low,10,namecheap,,,14/08/2026 10:00
ce32241e-f7e7-4e13-be49-efb954e38af3,activase.nexus,available,12.98,15.98,medium,low,8,namecheap,,,17/09/2026 05:09
dad1a86c-bff2-4117-a083-4b86ccda77f3,abstractor.nexus,available,12.98,15.98,medium,low,10,namecheap,,,16/09/2026 18:29
b262c6d9-d803-4046-b9f1-254100654abb,salvific.nexus,available,12.98,15.98,high,medium,8,namecheap,,,09/09/2026 21:03
a56e5602-4669-4eb1-922d-6ab83b39eb09,ballpark.nexus,available,16.99,16.99,high,low,8,name.com,,,19/09/2026 22:25
c4d7033f-c9ea-4f8d-b68c-ce4d208a4f4f,antidote.nexus,available,12.98,15.98,high,low,8,namecheap,,,19/09/2026 14:20
c64fd34e-5524-45f4-b43e-e0b6988d2852,joan.nexus,premium,37.7,37.7,high,low,4,namecheap,,,25/09/2026 11:39
088f71be-271c-4a6c-93e4-2623628f9960,look.nexus,premium,648.7,648.7,high,low,4,namecheap,,,24/09/2026 21:51
441a9374-4ad5-4a61-972c-041b81038f2d,grayer.nexus,available,12.98,15.98,medium,low,6,namecheap,,,21/09/2026 02:20
07d68b5f-888f-4a0d-9c28-e37ab7796280,ionised.nexus,available,12.98,15.98,medium,low,7,namecheap,,,22/08/2026 09:33
372bb522-f95a-4929-8739-856f86e5c2f2,imminently.nexus,available,12.98,15.98,medium,low,10,namecheap,,,15/09/2026 02:00
d9488a1e-7b28-42c0-a0fc-1dd47f9bb0c2,union.nexus,premium,648.7,648.7,high,low,5,namecheap,,,27/09/2026 06:59
0e7feb1c-6061-4325-9071-41b094c67394,aken.nexus,available,12.98,15.98,high,low,4,namecheap,,,16/09/2026 13:08
096e8398-7b99-48ca-ba3f-56d48f76af6c,optic.nexus,premium,76.7,76.7,high,low,5,namecheap,,,25/09/2026 23:58
0e6ac95c-3e33-43b1-b8d0-43046625a9f4,respected.nexus,available,15.98,,high,low,9,namecheap,,,
6a56a8b7-2ba1-4bb6-a7f0-34262af49a04,audacity.nexus,available,16.99,16.99,high,low,8,name.com,,,21/09/2026 02:47
44c02bba-0aa2-4786-872f-0cf50eb48c3d,blacking.nexus,available,12.98,15.98,medium,low,8,namecheap,,,24/09/2026 02:49
c9da932e-8ae0-45af-9bac-5b7b77d330b4,loveable.nexus,available,12.98,15.98,high,low,8,namecheap,,,24/08/2026 10:07
fce60ac6-f699-4990-bf47-516d7d43fdad,daughters.nexus,available,12.98,15.98,high,low,9,namecheap,,,17/09/2026 17:42
1b6d3140-6f8c-4058-b6fb-c5896b657ed7,tubes.nexus,premium,167.7,167.7,medium,low,5,namecheap,,,20/09/2026 00:50
154af572-3d34-428e-8717-1ba1c699bb35,gospel.nexus,premium,167.7,167.7,high,low,6,namecheap,,,24/09/2026 14:58
5614d905-73ae-4af8-a6e9-0ed482234003,just.nexus,premium,1298.7,1298.7,high,medium,4,namecheap,,,25/09/2026 19:55
cd998c12-7660-412b-b2ea-94df9d27ac07,whiney.nexus,available,12.98,15.98,medium,low,6,namecheap,,,09/09/2026 08:35
48edd66c-c5e3-47f9-a68c-e109f305cd72,libber.nexus,available,12.98,15.98,medium,low,6,namecheap,,,18/08/2026 01:03
660b7dfb-ee87-47d9-99db-414dd8e581ac,cairo.nexus,premium,161.25,,high,low,5,name.com,,,
7c13fed9-2f0e-42fe-9c72-b450d0b4c44c,adansonia.nexus,available,12.98,15.98,medium,low,9,namecheap,,,17/09/2026 06:21
507b4974-19c3-4865-9b6e-fc354bda6826,affective.nexus,available,12.98,15.98,high,low,9,namecheap,,,
ba885f7e-6ef0-4d2c-b293-ac5333a98f9c,birds.nexus,premium,623.75,,high,low,5,name.com,,,
bc796498-5b34-4f68-a77f-d640038b9e3b,statuesque.nexus,available,12.98,15.98,medium,low,10,namecheap,,,22/08/2026 14:32
768605f4-7d19-4a9c-a9bf-a332e7ae0c13,angelim.nexus,available,12.98,15.98,medium,low,7,namecheap,,,19/09/2026 03:59
60300ec7-8b3b-4f70-9a45-0ba7be2f1f52,theatre.nexus,premium,323.7,323.7,high,low,7,namecheap,,,24/09/2026 23:54
20483ba5-971f-41c0-8830-773e5f0f03e7,guard.nexus,premium,311.25,,high,low,5,name.com,,,
ea71b68d-efde-4b58-91a4-5f87ef08d881,votive.nexus,available,12.98,15.98,medium,low,6,namecheap,,,13/09/2026 07:17
1738ce6b-cc5b-447f-94ad-c788322dc407,backslider.nexus,available,12.98,15.98,medium,low,10,namecheap,,,21/09/2026 15:58
d9c491ab-1718-4bef-b4b0-c440c72da426,frizzy.nexus,available,12.98,15.98,medium,low,6,namecheap,,,18/08/2026 16:08
84d6bced-b641-480e-8cc8-2c46a01caf97,clever.nexus,premium,648.7,648.7,high,medium,6,namecheap,,,23/09/2026 12:20
5b9bf90c-3779-4da1-adc1-990410dbeee2,betise.nexus,available,12.98,15.98,medium,low,6,namecheap,,,23/09/2026 11:18
01ad0450-ff5e-4f88-8132-dfe4711148f2,cups.nexus,premium,37.7,37.7,medium,low,4,namecheap,,,18/09/2026 07:17
5208b6dd-191e-4313-9283-955eb6d6df6d,spaces.nexus,premium,648.7,648.7,high,low,6,namecheap,,,24/09/2026 15:02
ba1d4504-8e7a-43f7-8eae-a58f693d3db1,anchorite.nexus,available,12.98,15.98,medium,low,9,namecheap,,,19/09/2026 03:44
f131c12b-d36b-442a-acc6-cb26491a3da7,ornate.nexus,available,12.98,15.98,high,low,6,namecheap,,,04/09/2026 17:59
f46ef38b-6c40-4c24-80b4-6b4d6694f66d,uniat.nexus,available,12.98,15.98,medium,low,5,namecheap,,,12/09/2026 12:44
5f0e6111-e410-4268-869e-77c4aa39bd77,patchy.nexus,available,12.98,15.98,medium,low,6,namecheap,,,08/09/2026 10:20
95ef9846-0a0e-4d5a-8ef2-3bf0369885b5,ventura.nexus,premium,167.7,167.7,high,low,7,namecheap,,,25/09/2026 16:33
de51acff-559b-49dd-9aa4-1a848675a2b7,din.nexus,premium,311.25,311.25,high,low,3,name.com,,,10/08/2026 13:17
3ec927fa-c6a4-4278-8521-9c5814e3fff1,basilicata.nexus,available,12.98,15.98,medium,low,10,namecheap,,,22/09/2026 10:50
7a38cd41-b802-4c67-95ea-36cc98c84a27,beldame.nexus,available,12.98,15.98,medium,low,7,namecheap,,,23/09/2026 04:46
842dffc8-d9a9-4e67-ace3-b025d4d81c65,orca.nexus,premium,36.25,,high,medium,4,name.com,,,
1cb6b3d2-8949-4dbd-8cee-9a87aa0f4128,surroundings.nexus,available,12.98,15.98,high,low,12,namecheap,,,23/09/2026 13:59
7858faf2-1119-4f5b-8e60-dc96e32976d6,motor.nexus,premium,648.7,648.7,high,low,5,namecheap,,,25/09/2026 21:51
e315f13a-e744-4b6f-baf2-f566898360ed,conscious.nexus,premium,76.7,76.7,high,low,9,namecheap,,,23/09/2026 20:38
e2ea77d4-cfb8-4466-80ff-a1b0b03a3f44,almoner.nexus,available,12.98,15.98,medium,low,7,namecheap,,,18/09/2026 12:40
b46426c7-154e-4f3a-9b7f-8e5e8d007ab9,equipped.nexus,available,12.98,15.98,high,low,8,namecheap,,,24/09/2026 14:45
a3dc20dc-9ed1-496a-8d6c-21896dbde01e,abby.nexus,premium,37.7,37.7,high,low,4,namecheap,,,27/09/2026 07:09
22c8a025-e381-4eac-8a74-94881ab7146c,lamely.nexus,available,12.98,15.98,low,low,6,namecheap,,,15/09/2026 10:37
202ef7bc-c160-44d4-b4db-ac49d181d352,vegetable.nexus,premium,73.75,,high,low,9,name.com,,,
229950b5-e37b-4a8b-8471-e7161c3356ee,colorfast.nexus,available,12.98,15.98,medium,low,9,namecheap,,,12/08/2026 17:50
d0ab2084-be78-4381-bd39-731d5d6b8947,tearful.nexus,available,12.98,15.98,medium,low,7,namecheap,,,14/08/2026 15:35
61cfa61a-820f-40b9-84c0-a2a23e4e370a,pictural.nexus,available,12.98,15.98,high,medium,8,namecheap,,,08/09/2026 19:31
3b4e978b-aef0-4dc2-8b3f-6f7b82857a88,surprisingly.nexus,available,15.98,,high,low,12,namecheap,,,
b3c24ffa-2bfb-4cb5-a734-b9dfb193aee8,scots.nexus,available,12.98,15.98,high,low,5,namecheap,,,09/09/2026 23:33
b935fa86-e489-4e29-be6e-9457124c2672,hurtful.nexus,available,12.98,15.98,medium,low,7,namecheap,,,14/08/2026 00:28
f72c11d3-156f-42af-8b1d-0e4493b4dfaa,gamy.nexus,available,12.98,15.98,medium,low,4,namecheap,,,18/08/2026 19:55
9a02a5fb-c4aa-4d97-823d-c663ff04d42a,merrill.nexus,premium,37.7,37.7,high,medium,7,namecheap,,,25/09/2026 16:15
fa7b56a2-c19b-4b51-a561-4c4d8c2632cb,avian.nexus,premium,36.25,36.25,high,low,5,name.com,,,07/08/2026 23:17
81a60b43-ddd3-4de0-9a57-d9c6fa291d0f,dimorphic.nexus,available,12.98,15.98,medium,low,9,namecheap,,,14/08/2026 08:09
7b7dc6b3-5a6f-4340-9f63-c82fc6d9c862,cannoneer.nexus,available,12.98,15.98,medium,low,9,namecheap,,,20/09/2026 11:44
9e8c87aa-9b76-4033-9c42-688f3e830a7f,biddy.nexus,available,12.98,15.98,medium,low,5,namecheap,,,23/09/2026 13:45
62c6c8f7-8629-4b81-9bda-8b2e30767d87,affiliates.nexus,premium,76.7,76.7,high,low,10,namecheap,,,21/09/2026 06:56
a8815ef7-c2c3-45f5-9f5b-446647fa8a4c,programme.nexus,premium,73.75,73.75,high,low,9,name.com,,,24/09/2026 16:59
1bb0db89-0443-4c2f-855d-ab25be46c1d7,asap.nexus,premium,76.7,76.7,high,low,4,namecheap,,,13/09/2026 22:01
db7c2f5f-3699-4961-9894-0a6dd02084c5,rossi.nexus,premium,73.75,73.75,high,low,5,name.com,,,27/09/2026 01:41
c14ed16f-ce42-469a-997d-838e3ee6f13c,border.nexus,premium,167.7,167.7,high,low,6,namecheap,,,23/09/2026 00:10
8aa0f6e6-414f-4714-94e0-221665863e73,exhaust.nexus,premium,73.75,,high,low,7,name.com,,,
99fad47e-db47-4a59-a404-e4cb39e233ae,enhanced.nexus,premium,73.75,73.75,high,low,8,name.com,,,17/08/2026 08:25
c64177c1-8ce5-4b11-baef-6a0d59005b74,catechetic.nexus,available,12.98,15.98,medium,low,10,namecheap,,,11/08/2026 21:25
35431247-438d-4f58-8984-d48adb53256d,boreas.nexus,available,12.98,15.98,high,low,6,namecheap,,,03/09/2026 21:36
20d96217-d958-4755-b292-28f61ca5f8f9,armful.nexus,available,12.98,15.98,medium,low,6,namecheap,,,20/09/2026 06:50
8f261849-9709-41d4-80c6-c2664721a16d,beef.nexus,premium,311.25,311.25,high,low,4,name.com,,,23/09/2026 00:18
49173b8c-8d2c-4d83-bf70-f72d3be2950c,horseback.nexus,available,12.98,15.98,high,low,9,namecheap,,,21/09/2026 23:38
74973835-bad0-4c64-85f5-4de725fbc45c,ripping.nexus,available,12.98,15.98,high,low,7,namecheap,,,09/09/2026 13:59
a047d66a-fdb5-401f-9f3c-f48f20865406,emotive.nexus,available,12.98,15.98,high,low,7,namecheap,,,
01855b92-063a-4fd1-b9ae-580a39a28bca,pay.nexus,premium,1248.75,,high,medium,3,name.com,,,
2d82965c-3e5f-48e6-8950-ea0ea2003e5c,crackpot.nexus,available,12.98,15.98,medium,low,8,namecheap,,,10/09/2026 00:10
cf32a5de-040d-4425-8f81-b17bf52f219a,cathy.nexus,premium,37.7,37.7,high,low,5,namecheap,,,17/09/2026 16:36
be915fcd-c44d-4b8b-9ceb-ed8c6a9c6151,katy.nexus,premium,36.25,,high,low,4,name.com,,,
37c364f6-5312-4482-abf1-58d2d0db7e9e,doubter.nexus,available,12.98,15.98,medium,low,7,namecheap,,,
1458ca39-405b-4663-9878-1acce6894f42,autogeny.nexus,available,12.98,15.98,medium,low,8,namecheap,,,16/09/2026 15:57
3771ac88-bd28-4294-9f8f-e6fba707e9a4,thither.nexus,available,12.98,15.98,medium,low,7,namecheap,,,16/09/2026 08:57
025c7d69-feb9-4425-b824-e6b0c69b8bc4,closeout.nexus,available,15.98,,high,low,9,namecheap,,,
ace70867-52dc-4adb-a3de-dbc358b5740d,aryan.nexus,premium,36.25,36.25,high,high,5,name.com,,,07/08/2026 00:01
fe19f8ac-9575-4cf1-b657-af1941fed9fd,version.nexus,premium,311.25,,high,low,7,name.com,,,
370f9bc1-7ba0-4ddc-a036-e1c863a12429,munich.nexus,premium,161.25,,high,low,6,name.com,,,
dc1a5462-2ddc-404a-82ed-59dd5cd8f178,ironclad.nexus,available,12.98,15.98,high,low,8,namecheap,,,11/08/2026 02:30
294cd808-32d5-49c3-8ad2-667b7d83da33,ascensive.nexus,available,12.98,15.98,medium,low,9,namecheap,,,07/08/2026 00:46
a8010304-1c72-4e26-a540-610158fbb159,unrequited.nexus,available,12.98,15.98,medium,low,10,namecheap,,,12/09/2026 00:45
ba4afd5f-778f-4a10-8d0e-c2476714903e,episcopal.nexus,available,12.98,15.98,high,low,9,namecheap,,,17/08/2026 11:09
07921600-4f5f-4698-8908-f5446588ad5f,diamond.nexus,premium,1298.7,1298.7,high,low,7,namecheap,,,21/09/2026 16:47
187a5fb6-1594-45b6-8d12-61eca6a4d691,annotated.nexus,available,15.98,,high,low,9,namecheap,,,
05cc473b-f6b7-4d8f-8095-a63d6b689e71,markoff.nexus,available,12.98,15.98,medium,low,7,namecheap,,,19/09/2026 04:18
40663a8a-78be-4740-a389-5de3c2be2b40,baku.nexus,premium,37.7,37.7,high,low,4,namecheap,,,21/09/2026 20:24
fc00baf6-ee87-4e77-b281-ca4ca7280c7e,clash.nexus,premium,161.25,,high,low,5,name.com,,,
d4b53b7c-36f6-491b-8733-030107b4b3f9,argyle.nexus,premium,37.7,37.7,high,low,6,namecheap,,,20/09/2026 04:57
9bb580ff-76a3-402c-8a71-fbd4b4df88e8,bug.nexus,premium,623.75,,high,low,3,name.com,,,
7cc33624-2fbf-4933-abef-5994ac3fb4f1,sympathetic.nexus,available,15.98,,high,low,11,namecheap,,,
ee5fbd8b-ffa6-459c-a640-ab0566e58d26,damascene.nexus,available,16.99,16.99,high,low,9,name.com,,,13/08/2026 16:07
278883c2-c8e5-42b3-806e-3077081b9b44,olibanum.nexus,available,12.98,15.98,medium,low,8,namecheap,,,16/09/2026 09:03
7eb6b58a-a2a4-401e-8bf6-08bc0bb65b10,fatherless.nexus,available,12.98,15.98,medium,low,10,namecheap,,,17/08/2026 23:34
b4939e04-b8db-42e0-9d90-a453b6e461f7,peggy.nexus,premium,37.7,37.7,high,low,5,namecheap,,,25/09/2026 13:02
652e23de-c699-4e55-9ba6-c664922113e0,celebrate.nexus,premium,76.7,76.7,high,low,9,namecheap,,,25/09/2026 05:59
90aeeac3-6686-476d-b2b3-d23047e484d6,age.nexus,premium,323.7,323.7,high,low,3,namecheap,,,19/09/2026 07:13
67f58086-821e-4d8a-a122-ff0ffb41764c,outclassed.nexus,available,12.98,15.98,medium,low,10,namecheap,,,04/09/2026 19:12
c532df66-fdce-47cb-9efa-ab4382ba0a53,choose.nexus,premium,311.25,,high,low,6,name.com,,,
68c1541d-0845-45ad-95de-4892e16a1aeb,building.nexus,premium,167.7,167.7,high,low,8,namecheap,,,
bf8f09a2-934f-4217-8bb2-9e45d2f9ec9d,ghostly.nexus,available,12.98,15.98,high,low,7,namecheap,,,06/08/2026 05:28
ecc568fc-594f-4b97-8384-74c937bd593c,hartley.nexus,premium,37.7,37.7,high,low,7,namecheap,,,25/09/2026 04:45
f3aa9de4-d2a3-4739-b280-5b3c62c551b3,potato.nexus,premium,311.25,,high,low,6,name.com,,,
82b1daf6-c49e-4594-b5df-186c9a9c616e,filter.nexus,premium,623.75,623.75,high,low,6,name.com,,,25/09/2026 00:06
b1672fd3-5537-49e0-a891-524ff261245e,boob.nexus,premium,73.75,,high,low,4,name.com,,,
fc6346c1-5d66-4d86-8853-cb8c60668bb6,jensen.nexus,premium,76.7,76.7,high,low,6,namecheap,,,25/09/2026 07:58
64b4b1ad-2c6a-4531-ba40-cffe43e21e32,homemade.nexus,premium,161.25,161.25,high,low,8,name.com,,,21/08/2026 11:09
4a5177da-da0f-4718-83ec-7dc80788c6a2,snoopy.nexus,premium,37.7,37.7,medium,low,6,namecheap,,,03/09/2026 21:54
48995047-570d-430c-b623-62108dbdfda3,versed.nexus,available,12.98,15.98,high,low,6,namecheap,,,13/09/2026 04:29
7363afbb-9d82-43b2-8d64-cf5fd4716180,emigrants.nexus,available,10.52,10.52,medium,low,9,spaceship,,,27/09/2026 11:26
32b29bcd-92d3-4d7d-9363-3a7c1ed14c2c,crucify.nexus,available,12.98,15.98,medium,low,7,namecheap,,,14/08/2026 21:17
0e0e47cd-6014-49b8-bded-7cb82c1cd5a5,agnatha.nexus,available,12.98,15.98,medium,low,7,namecheap,,,17/09/2026 18:31
5a49528c-7ae3-403b-8512-f765ad8b2516,mother.nexus,premium,311.25,,high,low,6,name.com,,,
1da08445-025f-4f43-9b4a-bcd2281b26de,enlarged.nexus,available,12.98,15.98,high,low,8,namecheap,,,22/09/2026 22:37
0a944cdb-b777-44c0-b9fc-b87189b2482b,wedge.nexus,premium,73.75,,high,low,5,name.com,,,
6c6237e3-e4e2-4e62-832f-e7b6c5301efd,timely.nexus,premium,161.25,161.25,high,low,6,name.com,,,06/08/2026 10:08
6f7e72a0-abf0-45dd-a3bf-1bab312f1745,museum.nexus,premium,648.7,648.7,high,low,6,namecheap,,,25/09/2026 23:47
365896bf-fde7-435f-bfc7-a6ad49a2209f,canorous.nexus,available,12.98,15.98,medium,low,8,namecheap,,,11/08/2026 17:35
a041269a-40c9-44b3-9e13-ccbaa98dbca3,releasing.nexus,available,12.98,15.98,high,low,9,namecheap,,,09/09/2026 13:32
37b3abc6-c99a-493a-bc16-879c912637f1,eastwards.nexus,available,12.98,15.98,medium,low,9,namecheap,,,14/08/2026 23:00
a34eefc0-133b-47dd-a713-d7b4b4e2b6bb,unmapped.nexus,available,12.98,15.98,medium,low,8,namecheap,,,12/08/2026 02:55
8e55202f-172d-41b4-95cd-e27ddae969e1,empty.nexus,premium,323.7,323.7,high,low,5,namecheap,,,24/09/2026 13:56
b4f34362-79d0-4e05-82bf-0ba004f73d6f,encampment.nexus,available,12.98,15.98,medium,low,10,namecheap,,,08/09/2026 09:14
4b24c608-c982-4e2b-b696-b077cb4d53d2,patrol.nexus,premium,167.7,167.7,high,low,6,namecheap,,,25/09/2026 23:57
4742d11d-f8b6-483e-b365-2381d4358029,starch.nexus,premium,76.7,76.7,high,low,6,namecheap,,,19/09/2026 00:32
28134c8e-3a5f-4131-8913-36d378136ebe,generated.nexus,available,12.98,15.98,medium,low,9,namecheap,,,19/09/2026 12:09
82778d4e-f5f8-48f5-8ebf-eb563bdcdc4a,artemisia.nexus,available,12.98,15.98,high,low,9,namecheap,,,20/09/2026 10:15
eed517cc-b44e-4bb5-bde7-3be6408a2429,buy.nexus,premium,1298.7,1298.7,high,medium,3,namecheap,,,25/09/2026 22:47
f9d77708-1762-4e1a-a3ee-443fdd893c61,predilection.nexus,available,15.98,,high,low,12,namecheap,,,
6fa582a5-552b-4b20-b529-3d718bd096ac,adducent.nexus,available,12.98,15.98,medium,low,8,namecheap,,,
978cd1de-4438-450e-b91c-bd58eb49f65d,bradstreet.nexus,available,12.98,15.98,medium,low,10,namecheap,,,19/09/2026 10:16
3d1eff55-ea14-4b09-babd-ed5a8cf4960a,covenant.nexus,available,15.98,,high,low,8,namecheap,,,
0411df4e-8466-427c-b118-b74a5fa29891,costume.nexus,premium,167.7,167.7,high,low,7,namecheap,,,24/09/2026 18:31
f5ab51ba-174f-41ca-aa71-ed5d27568d76,enlighten.nexus,available,15.98,,high,low,9,namecheap,,,
d15888a8-eba4-4940-8b1a-89d559834043,coquettish.nexus,available,12.98,15.98,medium,low,10,namecheap,,,13/08/2026 00:44
7d575a4b-3813-4f34-bbec-4a3d03c1341e,omit.nexus,premium,36.25,,high,low,4,name.com,,,
bc9ea0ad-8679-42db-9077-f2210dd526ae,cheating.nexus,premium,73.75,73.75,medium,low,8,name.com,,,12/08/2026 03:32
0968d33d-c182-4695-905a-28295b79b3bc,plus.nexus,premium,1298.7,1298.7,high,medium,4,namecheap,,,27/09/2026 04:17
ce33aaca-5cfb-4efa-b240-f3ae21152aa1,comfy.nexus,premium,37.7,37.7,high,low,5,namecheap,,,23/09/2026 15:10
36812bcc-a01a-4496-bc25-51a42248da08,jazzy.nexus,premium,36.25,36.25,high,low,5,name.com,,,22/08/2026 12:35
d083cfb1-e458-460e-b8af-8803e9da8cc1,cliche.nexus,available,12.98,15.98,high,low,6,namecheap,,,23/09/2026 16:07
ba3d4e99-682b-45d4-81e4-7c850f44eb24,aids.nexus,premium,161.25,,high,low,4,name.com,,,
36507635-e92f-4297-83a9-ab1fd5b1dc93,sacking.nexus,available,12.98,15.98,medium,low,7,namecheap,,,21/09/2026 18:04
a76c9ede-13fe-45c9-9415-119bda61e991,thief.nexus,premium,36.25,,high,low,5,name.com,,,
300514de-3dac-4447-8d6c-9bce03ef7022,wyatt.nexus,premium,37.7,37.7,high,low,5,namecheap,,,25/09/2026 07:54
eb60fc1f-7719-461f-ac81-33f346882866,sara.nexus,premium,648.7,648.7,high,low,4,namecheap,,,25/09/2026 21:30
69b1f0a2-40cf-42c5-8678-a8c7e32ef819,supportive.nexus,available,15.98,,high,low,10,namecheap,,,
a1c4cb48-4e65-4887-ae83-52b921d6cb4b,parent.nexus,premium,311.25,,high,low,6,name.com,,,
52c00398-d4cc-4906-9e47-4b948770ffcf,turbid.nexus,available,12.98,15.98,medium,low,6,namecheap,,,25/08/2026 01:10
cd7df982-a465-4980-95a0-a05acc2eb53c,circularly.nexus,available,12.98,15.98,medium,low,10,namecheap,,,14/09/2026 06:55
eb1fe24d-73ad-4ea8-a318-b95f844188c5,offroader.nexus,available,12.98,15.98,medium,low,10,namecheap,,,18/09/2026 09:00
7d69463a-7f06-415d-91a6-008366ea2943,grimy.nexus,available,12.98,15.98,medium,low,5,namecheap,,,09/08/2026 09:25
42da7022-7ea6-49ff-981b-45530c4b48d7,medium.nexus,premium,648.7,648.7,high,low,6,namecheap,,,25/09/2026 10:31
14b96138-14db-48be-95e9-25dee9b681fd,flyer.nexus,premium,311.25,311.25,high,low,5,name.com,,,11/08/2026 05:11
e1d57d06-ea29-495c-8f89-a736bebf733f,this.nexus,premium,623.75,,high,medium,4,name.com,,,
d55f82ac-3eb9-45bc-a664-e67ebe45c8f4,victims.nexus,premium,76.7,76.7,medium,low,7,namecheap,,,18/09/2026 21:07
7a330acf-a7c4-4816-8dde-bac12a174e85,bert.nexus,premium,167.7,167.7,high,low,4,namecheap,,,25/09/2026 14:48
f45035c1-f42c-48d3-8acf-288e542d9646,astatic.nexus,available,12.98,15.98,high,low,7,namecheap,,,07/08/2026 08:36
a2f8f39c-4951-4c05-b8dc-06826d905c38,bended.nexus,available,12.98,15.98,low,low,6,namecheap,,,09/08/2026 14:15
210dbdab-461e-4654-bec3-95088c706cd5,cockle.nexus,available,12.98,15.98,medium,low,6,namecheap,,,12/09/2026 08:38
b469e61c-c66e-46a5-9078-063f54c3dccf,eliminate.nexus,available,15.98,,high,low,9,namecheap,,,
4a084288-0278-4ecd-927e-26d52065d55e,improbably.nexus,available,12.98,15.98,medium,low,10,namecheap,,,15/09/2026 02:27
4751ee27-2ddb-493b-80fd-9fdc58b97c24,consort.nexus,available,12.98,15.98,high,low,7,namecheap,,,16/09/2026 22:56
f496ea46-adb2-4734-b125-4cde1dd775d2,inflatable.nexus,premium,36.25,36.25,high,low,10,name.com,,,22/08/2026 04:29
223e16d2-a724-45e9-9c41-e6f7c2aaa752,affirmed.nexus,available,16.99,16.99,high,low,8,name.com,,,17/09/2026 14:27
0bb811eb-18f4-40c0-aecd-a3969a0f7e61,gift.nexus,premium,1298.7,1298.7,high,low,4,namecheap,,,24/09/2026 22:20
68876cc2-3dd7-4e3d-bd57-8137ff1c0e2e,proponent.nexus,available,12.98,15.98,high,low,9,namecheap,,,17/09/2026 11:45
ec266e62-6fac-428e-9730-888de66d79ea,scaphoid.nexus,available,12.98,15.98,medium,low,8,namecheap,,,03/09/2026 14:11
90c3a350-5516-47c1-95aa-f0ad99b49dbf,castled.nexus,available,12.98,15.98,medium,low,7,namecheap,,,11/08/2026 20:28
4f140529-f66a-4894-8bc6-b0337f3983d4,walden.nexus,premium,37.7,37.7,high,low,6,namecheap,,,27/09/2026 08:12
73e8cb8b-15a7-4a3e-846d-da55f2583fbe,mrna.nexus,available,16.99,16.99,high,low,4,name.com,,,25/09/2026 23:11
92e6ade7-2af4-48c6-b481-f67e669ae547,dejected.nexus,available,12.98,15.98,medium,low,8,namecheap,,,14/08/2026 00:19
a66c1ccb-7268-4478-9c40-bc70487b9f24,section.nexus,premium,167.7,167.7,high,low,7,namecheap,,,08/09/2026 06:07
e7563456-93a3-404f-ab35-775a5366968a,supplicant.nexus,available,12.98,15.98,medium,low,10,namecheap,,,11/09/2026 03:28
3bb87fc8-a3f3-4c89-8654-2b65718b10a9,argyll.nexus,available,12.98,15.98,medium,low,6,namecheap,,,20/09/2026 04:56
d5ec86af-b86d-4077-9736-c90052668c75,delivery.nexus,premium,323.7,323.7,high,low,8,namecheap,,,
569c4846-222c-493d-b9cd-7eddd2b84ba7,changeless.nexus,available,12.98,15.98,medium,low,10,namecheap,,,12/08/2026 01:58
f11ad623-6e36-457e-9052-c5ca471c5b42,campanula.nexus,available,12.98,15.98,high,low,9,namecheap,,,23/09/2026 06:05
4d881974-e99e-4042-9ad0-b8bec8ff8c9b,bacterial.nexus,available,12.98,15.98,high,low,9,namecheap,,,22/09/2026 16:00
fc80452f-cbf3-4d48-b5c3-75bc44c6c669,modeler.nexus,available,15.98,,high,low,7,namecheap,,,
aefb8bf8-f128-4b4d-b7ea-11ad5cab50cf,astronium.nexus,available,12.98,15.98,medium,low,9,namecheap,,,20/09/2026 18:03
bd6179ca-efda-435e-bfbe-4055217696b0,barber.nexus,premium,311.25,,high,low,6,name.com,,,
d695cebc-57fd-4d4d-8993-d32b2127f05a,coffeeberry.nexus,available,15.98,,high,low,12,namecheap,,,
572d488e-fac9-4b83-89c6-da6bf2f4f440,dreamy.nexus,premium,73.75,73.75,high,low,6,name.com,,,14/08/2026 18:48
e043fb53-0269-4e7d-9cc3-cdc29afb1c84,nerve.nexus,premium,73.75,73.75,high,low,5,name.com,,,25/09/2026 23:41
e9d2f019-8e59-49e1-af5e-fb92a7913b4a,divorced.nexus,available,12.98,15.98,medium,low,8,namecheap,,,14/08/2026 14:01
c4395d57-4f0f-424f-af8e-4de32ff77ba4,exhusband.nexus,available,12.98,15.98,medium,low,10,namecheap,,,17/08/2026 15:21
ec5f1e46-9f7d-4d17-93bf-b4920c45c36f,destitute.nexus,available,12.98,15.98,medium,low,9,namecheap,,,14/08/2026 04:32
6cf7b880-f4ed-4328-b340-9f94efc7fbc5,lowland.nexus,available,12.98,15.98,high,low,7,namecheap,,,24/08/2026 10:48
16363046-3f5a-4ae0-b770-e2d256cd21c1,headache.nexus,premium,37.7,37.7,high,low,8,namecheap,,,24/09/2026 13:37
34a9083c-f898-490e-8bb1-7c0b54da337f,bimodal.nexus,available,12.98,15.98,high,low,7,namecheap,,,09/08/2026 23:23
3cbcba88-2219-4c91-874c-10995e3499ff,fling.nexus,premium,36.25,,high,low,5,name.com,,,
cb3d92f5-55dd-4a0e-86cb-2808ab8defa7,paperlike.nexus,available,12.98,15.98,low,low,9,namecheap,,,12/08/2026 02:45
f34ce4e6-e09a-468d-ac95-626feb477a04,botanical.nexus,premium,73.75,73.75,high,low,9,name.com,,,10/08/2026 20:47
f1282f65-2136-404f-913f-6561e93b7418,algolagnia.nexus,available,12.98,15.98,medium,low,10,namecheap,,,18/09/2026 07:07
9d5ca5d3-3fb2-483d-87cc-dc3fef9defa5,fantastic.nexus,premium,167.7,167.7,high,medium,9,namecheap,,,22/09/2026 06:18
7c7d10e7-8ed6-4fa1-9a0c-6134c36d3907,year.nexus,premium,311.25,,high,low,4,name.com,,,
9cb8e40a-6ba6-4f4e-8b07-5f6a8230bc9b,abaca.nexus,available,16.99,16.99,medium,low,5,name.com,,,16/09/2026 13:44
7cfb4863-38a9-49bc-b332-c73b2d4615a7,clerk.nexus,premium,73.75,,high,low,5,name.com,,,
60dc7408-7ee8-47c1-bc3c-2f69a5665730,overhanded.nexus,available,12.98,15.98,medium,low,10,namecheap,,,04/09/2026 20:12
4d79d46b-001a-430e-aea2-9a56e74e951f,bared.nexus,available,12.98,15.98,medium,low,5,namecheap,,,22/09/2026 17:24
edcf39b7-1458-44e7-8c98-99259c9245a7,lucy.nexus,available,,,high,low,4,,,,
f70ca9ed-0b8d-4704-9e5d-2e0c30e7d7cf,goose.nexus,premium,167.7,167.7,high,medium,5,namecheap,,,24/09/2026 07:50
7d1d469c-e91c-4b3a-9dcb-183f75217136,overripe.nexus,available,12.98,15.98,medium,low,8,namecheap,,,04/09/2026 21:44
5b6e5547-dbc5-4246-9e1b-51d78aa45fa2,rude.nexus,premium,76.7,76.7,high,low,4,namecheap,,,22/09/2026 16:12
37468142-c140-41c0-847c-7dca118b145e,shona.nexus,available,12.98,15.98,high,medium,5,namecheap,,,10/09/2026 06:44
ac23f875-3876-4c55-ad1f-bac1a395f4b0,earful.nexus,available,12.98,15.98,medium,low,6,namecheap,,,22/09/2026 17:11
50c32549-a919-470f-be75-ccbc78f238b8,jan.nexus,premium,311.25,,high,low,3,name.com,,,
93a41215-e640-4a80-a2b1-e297d62fc0c0,polychrome.nexus,available,12.98,15.98,high,low,10,namecheap,,,08/09/2026 23:11
e7187af4-eabf-4756-ad3a-e4a356dd9740,azotic.nexus,available,12.98,15.98,medium,low,6,namecheap,,,08/08/2026 02:53
67194374-ef76-4d86-9910-24f4434327b4,cheryl.nexus,premium,76.7,76.7,medium,low,6,namecheap,,,27/09/2026 07:16
1fe5dbad-11ee-4123-9f3e-f34a0fe6fe9e,pale.nexus,premium,76.7,76.7,high,low,4,namecheap,,,27/09/2026 02:35
5d44b932-b415-483b-a2df-9f9b97b08e21,ideas.nexus,premium,623.75,,high,low,5,name.com,,,
9a619655-0044-4043-bb9e-a5a5deaabcc2,buttermilk.nexus,available,12.98,15.98,high,low,10,namecheap,,,24/09/2026 11:20
f30f7f2e-357b-4135-af80-60cc4b10be63,duodenal.nexus,available,12.98,15.98,medium,low,8,namecheap,,,14/08/2026 21:21
e020e896-0016-4145-af99-c591a5583bc6,imitative.nexus,available,12.98,15.98,medium,low,9,namecheap,,,13/08/2026 03:34
ddc95183-ef2f-48bb-a801-f0e12b8b6212,solvable.nexus,available,10.52,10.52,high,low,8,spaceship,,,27/09/2026 12:17
153fc76b-1473-4f61-9fd5-8daacceef503,spacial.nexus,available,12.98,15.98,high,medium,7,namecheap,,,10/09/2026 15:08
199f8fe1-092e-4e23-84a8-9b8d178bb178,floaty.nexus,available,12.98,15.98,high,low,6,namecheap,,,11/08/2026 10:08
c8749b8a-0822-4d01-9f20-f45a3f33175a,aecium.nexus,available,12.98,15.98,medium,low,6,namecheap,,,17/09/2026 12:08
e0c7e00f-3bfc-4543-b975-00beb7ca515f,brightness.nexus,available,15.98,,high,low,10,namecheap,,,
24a6088f-2973-4218-9456-f55da9ae8876,assuredly.nexus,available,12.98,15.98,medium,low,9,namecheap,,,13/09/2026 22:09
7270ebf1-8ba4-4dbc-a736-74b2d3e238b7,aga.nexus,premium,76.7,76.7,high,low,3,namecheap,,,17/09/2026 15:58
e2ab4d7b-dcdb-4980-a2bf-aa4e182908dc,disposable.nexus,available,12.98,15.98,high,low,10,namecheap,,,14/08/2026 12:03
bfdd379b-df53-4bfa-a671-b14bd04c3313,sensual.nexus,premium,76.7,76.7,high,low,7,namecheap,,,22/09/2026 04:34
3de9789b-825a-4f30-a4b7-592b461bbcf6,oliver.nexus,premium,323.7,323.7,high,low,6,namecheap,,,25/09/2026 08:05
565d9018-f9c0-4e8d-b085-94328dcb5f21,ultimately.nexus,available,15.98,,high,low,10,namecheap,,,
17a5c04f-886c-4848-afeb-b5319557f349,advancing.nexus,available,16.99,16.99,high,low,9,name.com,,,21/09/2026 20:51
5ea48ff2-90e9-4777-aa57-423dcbb8f068,scentless.nexus,available,12.98,15.98,medium,low,9,namecheap,,,09/09/2026 23:00
9f4cf315-7fd9-4313-9429-fc4c7f2866e4,bailor.nexus,available,12.98,15.98,medium,low,6,namecheap,,,21/09/2026 19:14
b92242aa-39dc-4b53-9760-d1d2bfe981ed,anatomy.nexus,premium,161.25,,high,low,7,name.com,,,
12251074-0a72-4568-acd2-9b7396ee8637,elevation.nexus,premium,73.75,73.75,high,low,9,name.com,,,24/08/2026 20:49
51f98d59-b906-496e-8216-a73f3c28b9bd,shun.nexus,premium,37.7,37.7,high,low,4,namecheap,,,24/09/2026 02:00
b0bdb697-1c6b-464a-9de8-e9e609dc59f6,handsomely.nexus,available,12.98,15.98,high,low,10,namecheap,,,14/09/2026 22:57
a471e34c-0adf-49ed-9016-ce30dbd962f3,basal.nexus,available,12.98,15.98,high,low,5,namecheap,,,08/08/2026 21:24
97b98aff-2f21-4ba6-a6b7-473cada51b45,lapse.nexus,available,15.98,,high,low,5,namecheap,,,
6c50956c-af29-4e56-b338-4fb8bb9dd68e,cecal.nexus,available,12.98,15.98,medium,low,5,namecheap,,,11/08/2026 12:54
ae627a86-4b9d-43b5-8ed7-5a8c1758b055,rhythm.nexus,premium,167.7,167.7,high,low,6,namecheap,,,25/09/2026 22:02
9e996b65-42a9-4b28-ad2f-c5189c4b2796,behring.nexus,available,12.98,15.98,high,low,7,namecheap,,,23/09/2026 04:03
103e4ee9-496b-483d-807f-feae33541c22,hill.nexus,premium,623.75,,high,low,4,name.com,,,
18434a45-daf0-4a9d-a3e1-3a18b166c57a,anymore.nexus,premium,36.25,,high,low,7,name.com,,,
a3a8f854-463b-4d41-a468-7846a26f385b,unclouded.nexus,available,12.98,15.98,medium,low,9,namecheap,,,12/08/2026 12:35
89f09684-9425-4010-9b05-8724026d171f,phelps.nexus,available,12.98,15.98,high,low,6,namecheap,,,25/09/2026 18:39
038ca39a-6e12-41c3-a1d9-64696c567eda,bunk.nexus,premium,37.7,37.7,medium,low,4,namecheap,,,03/09/2026 20:32
b46040b3-4747-4cd1-b46f-f5dc6c1b7139,hess.nexus,premium,37.7,37.7,high,low,4,namecheap,,,27/09/2026 03:38
58f34a9c-869f-4a3c-9495-7102fee48d63,left.nexus,premium,323.7,323.7,high,low,4,namecheap,,,25/09/2026 13:25
b621f9bc-5f94-44f0-b2d7-9d223dcdfd17,censure.nexus,available,12.98,15.98,medium,low,7,namecheap,,,19/09/2026 08:29
a244e6a0-9a2d-4fda-b3f6-c5a98a55ca95,zombi.nexus,available,12.98,15.98,medium,low,5,namecheap,,,21/09/2026 07:04
7d9afbd4-c66d-45fa-a189-51fef5ebe364,crossways.nexus,available,12.98,15.98,medium,low,9,namecheap,,,14/09/2026 09:48
bfdcd0fc-ee19-4b22-be8d-d684b9080238,fishing.nexus,premium,323.7,323.7,high,low,7,namecheap,,,27/09/2026 03:59
17fe61fd-b069-40ec-a710-7c7004402177,cyprinid.nexus,available,16.99,16.99,medium,low,8,name.com,,,13/08/2026 14:27
804bff36-56e2-4afd-8d03-d8f9d0a7e351,aunty.nexus,available,16.99,16.99,high,low,5,name.com,,,21/09/2026 04:13
7dbe547d-028a-445a-8c5b-d14b8955b24d,coastwise.nexus,available,12.98,15.98,medium,low,9,namecheap,,,12/08/2026 14:12
b03a963f-631d-4bba-93c0-986fb59a0fc2,megalithic.nexus,available,12.98,15.98,medium,low,10,namecheap,,,24/08/2026 19:24
f30a7433-68b7-4071-b3fa-55a8daacc288,rumination.nexus,available,12.98,15.98,high,low,10,namecheap,,,03/09/2026 11:31
cdcb505d-2a1d-4b87-a43d-a2157be60a04,garret.nexus,available,12.98,15.98,medium,low,6,namecheap,,,07/08/2026 15:51
94168b95-da59-45b5-ae7b-8b6333a69553,printers.nexus,premium,76.7,76.7,medium,low,8,namecheap,,,21/09/2026 00:30
5b9fd305-1c0b-4d3e-aee9-1c51d764b54f,gaga.nexus,premium,73.75,73.75,medium,low,4,name.com,,,14/08/2026 14:34
b031a490-161d-4dab-8acf-36e96ea61483,amor.nexus,premium,323.7,323.7,high,low,4,namecheap,,,18/09/2026 22:37
0c639a8a-aca7-4c1d-bbac-d66182029989,dear.nexus,premium,623.75,623.75,high,low,4,name.com,,,22/09/2026 19:24
21a2179b-9297-4c48-8530-118b314db586,analyst.nexus,premium,161.25,,high,low,7,name.com,,,
bf930e01-9bd4-4979-bbb7-ba85e67d5919,goonie.nexus,available,12.98,15.98,medium,low,6,namecheap,,,23/09/2026 23:45
7d08a8e4-edb5-4894-b0d8-54e00910d104,saudi.nexus,premium,323.7,323.7,high,low,5,namecheap,,,09/09/2026 21:58
198c317c-110a-4ce7-a6b1-b6ad8d6c4622,batiste.nexus,available,12.98,15.98,medium,low,7,namecheap,,,22/09/2026 14:05
591d9849-2d8c-424e-b5c3-d0e7d9fe569d,nashville.nexus,premium,311.25,,high,low,9,name.com,,,
a9ca053b-a048-43df-88d8-cf125e414d02,argo.nexus,premium,37.7,37.7,high,low,4,namecheap,,,20/09/2026 04:30
678fffea-b76e-4a5e-826b-e44d8ccb286e,resilient.nexus,premium,36.25,36.25,high,low,9,name.com,,,10/08/2026 21:47
fc7ba20d-48d6-438d-a4f0-5cd321516d4c,bardic.nexus,available,12.98,15.98,medium,low,6,namecheap,,,08/08/2026 18:00
877be34e-faf1-40f1-88c4-4202b5e8a57c,means.nexus,premium,311.25,,high,low,5,name.com,,,
22c52e7e-5474-4520-9c6c-c58399ff693c,genu.nexus,available,12.98,15.98,high,low,4,namecheap,,,20/09/2026 11:29
f81372f9-c6ed-4667-99bf-b71e4854e5e3,maverick.nexus,premium,73.75,73.75,high,low,8,name.com,,,24/08/2026 17:42
572e8815-89dd-47c8-af50-eafe142729bb,sign.nexus,premium,623.75,,high,low,4,name.com,,,
b186cbf2-b737-4084-a66b-6dd8336346c0,tables.nexus,premium,323.7,323.7,high,low,6,namecheap,,,27/09/2026 02:00
453b8b98-5a8e-432e-ba55-81aef436eca0,birdfeeder.nexus,available,12.98,15.98,medium,low,10,namecheap,,,23/09/2026 19:53
ec8edb59-f6de-4baa-815f-4cdce03ed25c,athletic.nexus,premium,167.7,167.7,high,low,8,namecheap,,,21/09/2026 16:12
462cf3fd-25ed-47cb-8e90-b366fceea9c5,tearless.nexus,available,12.98,15.98,medium,low,8,namecheap,,,14/08/2026 20:31
f94e72d7-0d2b-4198-972b-26ed7215e563,ladder.nexus,premium,161.25,,high,low,6,name.com,,,
f419223f-2d7e-41c5-a3d8-1b6656d0b48a,skywards.nexus,available,12.98,15.98,medium,low,8,namecheap,,,10/09/2026 09:51
75a68d5a-ef4c-4d60-88f2-8ede3d4d6e25,anhinga.nexus,available,12.98,15.98,medium,low,7,namecheap,,,19/09/2026 08:18
c48baf36-0bab-4c97-8f41-1bbca1d4c957,dances.nexus,premium,36.25,,high,low,6,name.com,,,
802d731c-2e4c-4a46-91c1-7c5f0df3fb59,moderately.nexus,available,16.99,16.99,medium,low,10,name.com,,,25/09/2026 12:00
06630cbb-18a6-4712-98cf-8164df2807d0,moderator.nexus,available,15.98,,high,low,9,namecheap,,,
86592adc-11ee-449b-bd91-00947c4c4347,millionth.nexus,available,12.98,15.98,high,low,9,namecheap,,,24/08/2026 23:25
6e152d37-4af6-4b7f-aba1-3a607c40bfa8,aerolite.nexus,available,12.98,15.98,medium,low,8,namecheap,,,17/09/2026 13:06
6028984f-2cb8-4e3e-8be3-23070356ef74,craze.nexus,available,12.98,15.98,high,low,5,namecheap,,,24/09/2026 19:15
fcd8725c-23ab-4177-a963-24fa51e1c1d3,hinder.nexus,available,12.98,15.98,high,low,6,namecheap,,,24/09/2026 23:48
010c94bd-6a0f-41a4-9f4c-7b3e95ccfdfe,upon.nexus,premium,133.72,133.72,high,low,4,spaceship,,,27/09/2026 11:32
58e8c3c6-71a3-4c17-abc3-125bf9a81eb9,potassium.nexus,available,12.98,15.98,high,low,9,namecheap,,,20/09/2026 22:30
d4f63f73-0fea-4014-ab11-3db9256136dc,asio.nexus,available,12.98,15.98,medium,low,4,namecheap,,,20/09/2026 14:18
9d14bbb1-c1f9-431c-8bef-d71611437fa3,weapons.nexus,premium,167.7,167.7,medium,low,7,namecheap,,,25/09/2026 17:10
b5dfe948-1c23-4361-9bba-fb9f607b5918,flight.nexus,premium,1248.75,1248.75,high,low,6,name.com,,,24/09/2026 20:44
9a712ee9-b303-44b3-bea9-3c01c02c7706,flit.nexus,available,12.98,15.98,high,low,4,namecheap,,,18/08/2026 07:46
b2ff710e-4586-4407-bfc3-9dedb1a85d77,botched.nexus,available,12.98,15.98,medium,low,7,namecheap,,,10/08/2026 20:51
c36f49f7-d0b9-4396-a6c3-b2bbf6278c94,bridget.nexus,premium,36.25,,high,low,7,name.com,,,
9927796d-ec9a-4e23-98ea-cef335345ed5,struck.nexus,premium,37.7,37.7,medium,low,6,namecheap,,,10/09/2026 11:50
9a183d91-de8e-4bad-80d5-8f2a05af6ed4,decorative.nexus,premium,36.25,36.25,high,low,10,name.com,,,13/08/2026 02:51
892bca5c-50c2-4b1f-855d-cae37a72b101,swingeing.nexus,available,12.98,15.98,medium,low,9,namecheap,,,11/09/2026 05:48
fa340783-a1b2-4a26-a547-47a1eb86ad77,galangal.nexus,available,12.98,15.98,medium,low,8,namecheap,,,18/09/2026 14:03
6021e8cf-899e-4ded-8aaa-3e50f01fe488,kampala.nexus,available,12.98,15.98,high,low,7,namecheap,,,24/09/2026 12:28
408dc58b-7b26-4c3a-a67e-5e0adb2c42f1,translunar.nexus,available,12.98,15.98,medium,low,10,namecheap,,,11/09/2026 02:19
2e9d3dec-4476-4de9-9af8-18ed462fd840,oversea.nexus,available,12.98,15.98,medium,low,7,namecheap,,,04/09/2026 21:46
cb40a0c6-a63d-4110-a6cc-2953106d7a77,glamourous.nexus,available,12.98,15.98,high,low,10,namecheap,,,19/08/2026 00:17
572e6e48-9102-43f6-b135-77b6899f9367,bunch.nexus,premium,73.75,,high,low,5,name.com,,,
09b0479a-d2b0-4659-a238-fcb7bf615ff6,palmy.nexus,available,12.98,15.98,medium,low,5,namecheap,,,10/08/2026 19:15
0cb69a3e-4e42-4a54-8928-53209040e07c,flip.nexus,premium,648.7,648.7,high,medium,4,namecheap,,,24/09/2026 20:06
a7f8df6d-aa01-48ce-b4ba-087dc091bbad,whimsey.nexus,available,12.98,15.98,medium,low,7,namecheap,,,20/09/2026 00:43
d73db59d-d536-4306-a42c-65cbf8ee8352,headstrong.nexus,available,12.98,15.98,medium,low,10,namecheap,,,18/08/2026 16:35
c714fa3f-e365-4993-8d04-1e8a62c38da4,standardize.nexus,available,15.98,,high,low,11,namecheap,,,
71d7aa75-e619-44c6-bdff-e22cae5dfbd7,saccharine.nexus,available,12.98,15.98,medium,low,10,namecheap,,,12/08/2026 12:48
e50e6fbd-b7f7-4afb-a1b4-0fca5561990f,asexually.nexus,available,12.98,15.98,medium,low,9,namecheap,,,13/09/2026 22:03
df56b76d-79e2-4793-88e6-2ebf1eb8bcc2,catalogue.nexus,premium,76.7,76.7,high,low,9,namecheap,,,24/09/2026 13:08
ec005d62-21d8-407c-8bdf-f6fceefa4c9e,porcine.nexus,available,12.98,15.98,medium,low,7,namecheap,,,21/08/2026 10:21
9e9ffa8a-200f-43cb-b794-c68fe9d9aa90,brewer.nexus,premium,37.7,37.7,high,low,6,namecheap,,,23/09/2026 01:41
14fdfd9a-5a2d-494e-9ae8-9a8137622edf,baltic.nexus,premium,36.25,36.25,high,low,6,name.com,,,08/08/2026 10:41
fb09b8f3-f390-4f6f-acb0-a37ca7f7c2f9,guinness.nexus,available,12.98,15.98,high,low,8,namecheap,,,18/09/2026 04:41
1fee6975-215e-430a-9276-6014d33dee77,wings.nexus,premium,648.7,648.7,high,low,5,namecheap,,,25/09/2026 11:03
0d210796-39f4-49a5-b0a0-61643713467e,marmoreal.nexus,available,12.98,15.98,medium,low,9,namecheap,,,24/08/2026 16:12
d9327478-9e61-4c60-b6d2-18b6503bd48d,planned.nexus,premium,37.7,37.7,high,low,7,namecheap,,,21/09/2026 22:06
6b59bdc0-bede-40ac-9777-8f4851c4701b,functions.nexus,premium,76.7,76.7,medium,low,9,namecheap,,,17/09/2026 05:18
c7981cfa-b582-4ef3-b36a-84cf2dd92cff,consonant.nexus,available,12.98,15.98,high,low,9,namecheap,,,12/08/2026 20:14
6594d58e-dcde-4921-a06b-270084388a2f,deletion.nexus,available,12.98,15.98,high,low,8,namecheap,,,24/09/2026 21:34
a260cc40-97bd-4b7e-88d3-90ffb4895e90,volcano.nexus,premium,73.75,,high,low,7,name.com,,,
6a74aacc-fd8c-4295-9226-474e24fe6597,limber.nexus,available,12.98,15.98,high,low,6,namecheap,,,23/08/2026 11:08
2df3d38e-eaf3-449d-984e-8477d0acd993,advertisement.nexus,premium,73.75,,high,low,13,name.com,,,
afa45c29-6c7d-498c-84e6-0ea2c7012f7b,tropic.nexus,premium,37.7,37.7,high,low,6,namecheap,,,11/09/2026 20:25
8c88f13d-9db3-4a32-a508-d33858a55990,his.nexus,premium,623.75,,high,low,3,name.com,,,
6b108887-ce26-45b4-addd-aee170a68b0b,dashed.nexus,available,16.99,16.99,medium,low,6,name.com,,,13/08/2026 18:27
3ec6c3a4-8c66-477b-b028-c71594e6fe7c,colour.nexus,premium,323.7,323.7,high,low,6,namecheap,,,23/09/2026 15:08
c341d90a-691c-4253-9683-7cc61cfaa663,started.nexus,premium,167.7,167.7,medium,low,7,namecheap,,,18/09/2026 11:27
91958f84-6439-48c1-a7d4-e30bd633caae,batman.nexus,available,15.98,,high,low,6,namecheap,,,
0817d7f2-8e6d-4467-857f-68e58a0f108e,cody.nexus,premium,167.7,167.7,high,low,4,namecheap,,,25/09/2026 03:39
a5d85ba7-130b-4c61-96a0-16f674f131e4,benzol.nexus,available,12.98,15.98,high,low,6,namecheap,,,23/09/2026 08:53
c84df24a-cb3c-4e60-82ce-3037192937b9,carthage.nexus,available,12.98,15.98,medium,low,8,namecheap,,,25/09/2026 04:02
271d5aac-8ab7-4e87-9920-e1cd1ad82e26,cosmonaut.nexus,available,12.98,15.98,high,low,9,namecheap,,,20/09/2026 18:01
6415fa86-b6d0-4f1c-9186-7a87cc441825,torpid.nexus,available,12.98,15.98,medium,low,6,namecheap,,,14/08/2026 16:15
9b7a22c1-d361-4d16-a4b9-867df61764ee,bankable.nexus,available,12.98,15.98,high,low,8,namecheap,,,08/08/2026 13:24
f6c9fbe1-bd8f-4908-ac43-5f77e35b6daf,vincible.nexus,available,12.98,15.98,medium,low,8,namecheap,,,09/08/2026 05:42
c1b7f292-e444-4990-90e6-c31647f95fa7,greasy.nexus,available,12.98,15.98,high,low,6,namecheap,,,20/08/2026 19:35
263854f0-dd5b-4889-bec4-f7cd10250e0d,lied.nexus,premium,36.25,36.25,high,low,4,name.com,,,25/09/2026 08:58
be6ca11c-9329-42c3-9490-8c10e2813f4c,montane.nexus,available,12.98,15.98,high,low,7,namecheap,,,25/08/2026 05:41
728cc3c2-0649-41c4-b22d-99657338faed,alternative.nexus,available,,,high,low,11,,,,26/09/2026 00:42
d6615fac-e4b6-4a58-bae7-c71d391d2611,uncooked.nexus,available,12.98,15.98,medium,low,8,namecheap,,,12/09/2026 06:09
5ae6480c-0430-4022-bf34-2e2dc7418829,shirty.nexus,available,12.98,15.98,high,medium,6,namecheap,,,10/09/2026 06:37
5bacc3f2-f0da-4146-91a4-60ed39b7197f,named.nexus,premium,311.25,,high,low,5,name.com,,,
2f296829-7a71-4458-b206-ae869634df8d,atoll.nexus,available,12.98,15.98,high,low,5,namecheap,,,20/09/2026 21:52
4f3c3e83-27f4-4038-85ed-deefa4b7d545,clxxv.nexus,available,12.98,15.98,medium,low,5,namecheap,,,
b3543bc9-4a7d-4214-891c-c7585682aeb1,fours.nexus,available,12.98,15.98,high,low,5,namecheap,,,20/09/2026 08:08
21cd7209-cc03-43bc-9e7a-5d5d512f6018,stealthy.nexus,available,12.98,15.98,medium,low,8,namecheap,,,18/08/2026 19:00
744565ea-5b8e-4c94-94f5-d7f6848e9c67,info.nexus,premium,1248.75,,high,medium,4,name.com,,,
3d050421-5870-4c4c-a70b-5c1ff4ccd4ce,beret.nexus,available,12.98,15.98,high,low,5,namecheap,,,23/09/2026 09:15
a9e1256b-aad4-43ac-affa-1280a244e38e,thanks.nexus,premium,161.25,,high,low,6,name.com,,,
c9ff597d-6fb5-4d0d-8145-160856895676,eristic.nexus,available,12.98,15.98,medium,low,7,namecheap,,,17/08/2026 12:17
86e32443-f9c7-4709-a5fc-39483a62f39c,diss.nexus,premium,37.7,37.7,medium,low,4,namecheap,,,17/09/2026 14:55
1746e88e-0681-42d5-83ee-983a38ca8e48,toddler.nexus,premium,161.25,,high,low,7,name.com,,,
9edda5d7-9bd8-4aa1-bee1-91ffe005f11e,abductor.nexus,available,12.98,15.98,medium,low,8,namecheap,,,16/09/2026 14:54
501e6b44-0be3-40a6-9664-92891dffe6ea,actuation.nexus,available,12.98,15.98,medium,low,9,namecheap,,,17/09/2026 05:23
0e7539d0-ef5e-4760-8a0a-486fed6faba1,pride.nexus,premium,311.25,,high,low,5,name.com,,,
3354fa41-762e-41d7-84aa-c2d1eff02976,foreordain.nexus,available,12.98,15.98,high,medium,10,namecheap,,,09/09/2026 01:24
bb0c7a99-e961-4d5d-8cba-43f45627db68,unchewable.nexus,available,12.98,15.98,high,medium,10,namecheap,,,10/09/2026 08:18
df763e8a-c9d6-4390-99d5-46561ec3e38d,ametria.nexus,available,12.98,15.98,medium,low,7,namecheap,,,18/09/2026 21:07
82e8363f-fd01-478a-b563-89934c19258a,anosmia.nexus,available,12.98,15.98,medium,low,7,namecheap,,,19/09/2026 11:51
0e405266-5e4c-4f2f-93b9-cc65bf6cf869,mutinous.nexus,available,12.98,15.98,medium,low,8,namecheap,,,03/09/2026 11:55
ec787d2f-77e3-4984-8be9-d14b5999428d,francisca.nexus,available,15.98,,high,low,9,namecheap,,,
f903f6cf-fb82-4219-9d0e-9f575ee5367b,disappear.nexus,available,12.98,15.98,high,low,9,namecheap,,,27/09/2026 05:58
684a16dd-f6e8-493a-a941-a7fcd78ddd44,recreate.nexus,premium,37.7,37.7,high,low,8,namecheap,,,24/09/2026 14:10
ca9da8b2-1bb5-462d-9948-baf5d8a19841,behind.nexus,premium,167.7,167.7,high,low,6,namecheap,,,22/09/2026 18:54
e0d23293-f2af-4079-8924-b8a2372ff40a,reactive.nexus,premium,76.7,76.7,high,low,8,namecheap,,,09/09/2026 10:56
d4e69dbc-2700-4484-b375-e1e12dbdc2f9,counts.nexus,premium,37.7,37.7,high,low,6,namecheap,,,18/09/2026 18:14
80469d7a-7ade-4d9e-816e-4d1798ae0d5b,uuq.nexus,premium,76.7,76.7,medium,low,3,namecheap,,,20/09/2026 22:18
8bceb953-7da5-4318-bff8-1a3dc6addec4,orphaned.nexus,available,12.98,15.98,medium,low,8,namecheap,,,04/09/2026 18:01
f6a2647e-80b7-429c-b15c-8b3358b39198,banner.nexus,premium,311.25,311.25,high,low,6,name.com,,,08/08/2026 13:53
af8a7a43-711e-48cc-869e-4d038ab8629b,tracking.nexus,premium,161.25,,high,low,8,name.com,,,
248f611c-0835-4abf-a357-33e21abc8d88,goody.nexus,available,16.99,16.99,high,low,5,name.com,,,13/08/2026 15:54
7dea9e11-9402-40dd-a933-07adf525fc71,phylliform.nexus,available,12.98,15.98,high,medium,10,namecheap,,,08/09/2026 19:24
8501153b-8996-471d-83a7-146baa64652d,gomez.nexus,premium,167.7,167.7,high,low,5,namecheap,,,25/09/2026 16:06
15171cc3-1e97-41b1-8a7b-a06719fa83e7,signed.nexus,premium,161.25,161.25,high,low,6,name.com,,,18/08/2026 22:58
45d1c872-5364-4220-bead-d8afa73eccf9,salim.nexus,available,12.98,15.98,high,low,5,namecheap,,,19/09/2026 04:37
cab69b22-e6c2-4475-88c5-8a1674c0cbe5,nana.nexus,premium,161.25,,high,low,4,name.com,,,
0229da7d-edca-46c5-8434-4f798971f0f0,byzantine.nexus,available,12.98,15.98,high,low,9,namecheap,,,11/08/2026 12:12
caa52b3a-0758-4b9f-aa75-b1123666b295,taiwan.nexus,available,,,high,high,6,,,,
7539a4f1-baad-4d37-a46c-1151652e90d1,quotable.nexus,available,12.98,15.98,high,low,8,namecheap,,,09/09/2026 09:10
94b04bf2-5846-46de-9283-e10eed43d22c,wrought.nexus,available,12.98,15.98,medium,low,7,namecheap,,,25/08/2026 03:48
f59cd6d1-d19d-48b7-826b-d952d70f6c61,unfailing.nexus,available,12.98,15.98,high,low,9,namecheap,,,18/08/2026 10:39
64a7d85c-06e8-431b-aec4-26000f474225,asphyxia.nexus,available,12.98,15.98,medium,low,8,namecheap,,,20/09/2026 15:10
bfbb06d2-17e0-4677-9b90-615d1cd09451,lucky.nexus,premium,648.7,648.7,high,medium,5,namecheap,,,25/09/2026 15:33
0ae347c8-a76a-43f4-b2ff-9bbbcfbef770,charges.nexus,premium,76.7,76.7,medium,low,7,namecheap,,,25/09/2026 18:37
10f33ac3-f368-4b92-92f7-3ffe49beb8cb,male.nexus,premium,323.7,323.7,high,low,4,namecheap,,,25/09/2026 16:34
80c4e3db-ecde-4f1d-9ceb-1658273cc3bf,amused.nexus,available,12.98,15.98,high,low,6,namecheap,,,
775b74fc-7372-478d-8d6c-de603095f66d,stoutness.nexus,available,12.98,15.98,medium,low,9,namecheap,,,04/09/2026 22:03
8f3089b0-5a96-4b44-8759-405d6dc67553,stalk.nexus,premium,36.25,36.25,high,low,5,name.com,,,19/09/2026 07:14
b89664d5-eeaf-402a-bf40-1be2759d152c,diploid.nexus,available,12.98,15.98,medium,low,7,namecheap,,,14/08/2026 08:26
ed5db860-0eb6-4d4d-b4f0-f94c3adecfab,mediate.nexus,premium,36.25,36.25,high,low,7,name.com,,,21/08/2026 23:37
1c54f2a3-b9b1-47f7-87ed-ce708bd274e3,wannabe.nexus,available,12.98,15.98,medium,low,7,namecheap,,,07/08/2026 05:17
a1102a98-ceec-4efd-bed5-3f485b6ba8b8,ritchie.nexus,premium,37.7,37.7,high,low,7,namecheap,,,25/09/2026 16:00
911b3519-a991-4d5c-a518-7c318a9f4dc3,simplicity.nexus,premium,73.75,,high,low,10,name.com,,,
b0271757-f09b-4575-a3ba-22530aee6491,banger.nexus,available,12.98,15.98,high,low,6,namecheap,,,22/09/2026 01:46
f1101024-3821-4b29-9d76-bbc47f6b8768,ranging.nexus,available,12.98,15.98,high,medium,7,namecheap,,,09/09/2026 10:16
589b55e4-d372-4e71-b2ad-71daf8394112,cohen.nexus,premium,76.7,76.7,high,low,5,namecheap,,,27/09/2026 03:21
2f94a4af-ef16-4ad5-b463-592a4fd48278,grueling.nexus,available,12.98,15.98,high,low,8,namecheap,,,06/08/2026 16:45
ca00e8cb-fa59-4185-b12b-749c6083e9f9,crayon.nexus,premium,76.7,76.7,high,low,6,namecheap,,,24/09/2026 19:11
e4fc7c4f-c388-491d-a575-ada9c2e54725,brandon.nexus,premium,323.7,323.7,high,low,7,namecheap,,,27/09/2026 07:31
0d6f3817-f03c-4408-9d5e-acc66e83c1ef,linchpin.nexus,available,12.98,15.98,high,low,8,namecheap,,,21/09/2026 15:17
f0b055e8-2280-423f-8c0f-9f2642ba0535,calciferol.nexus,available,16.99,16.99,high,low,10,name.com,,,13/08/2026 15:07
e9e77783-b96c-4942-80d9-039ba42d58dd,aol.nexus,available,,,high,high,3,,,,
7d061034-e10e-45d6-9429-d4bb7793fa7a,odd.nexus,premium,311.25,311.25,high,low,3,name.com,,,24/09/2026 03:59
87219854-c055-4f29-a55a-17db08d6303a,cooked.nexus,available,12.98,15.98,high,low,6,namecheap,,,23/09/2026 22:56
7c53f3f2-f7f6-43cc-8ec8-1c14dfb65be5,mining.nexus,premium,648.7,648.7,high,low,6,namecheap,,,
913799fa-b63d-49bb-aa0c-ff1b842a4175,subocean.nexus,available,12.98,15.98,low,low,8,namecheap,,,11/09/2026 00:32
7383333a-7b41-46f9-8fe2-7c5524cc373d,trollop.nexus,available,12.98,15.98,medium,low,7,namecheap,,,17/09/2026 10:23
9f528814-1a55-4e8b-801a-58286daad577,painterly.nexus,available,12.98,15.98,medium,low,9,namecheap,,,04/09/2026 23:08
fa6a63ae-fefe-4d0e-8167-57337b17040b,glass.nexus,premium,73.75,,high,low,5,name.com,,,
4a64b6b3-29b4-4101-a3c3-bc057a430521,copies.nexus,premium,76.7,76.7,medium,low,6,namecheap,,,27/09/2026 09:16
aae885b7-502b-4b52-8a28-4226b3582046,rapturous.nexus,available,12.98,15.98,high,low,9,namecheap,,,14/08/2026 23:48
356fc525-1b7c-4c8a-b870-50753dd4179a,asin.nexus,premium,37.7,37.7,high,low,4,namecheap,,,20/09/2026 14:15
f177fd66-3a1e-4567-bb93-cbc2e39655aa,glancing.nexus,available,15.98,,high,low,8,namecheap,,,
d68d93c7-ca4e-4921-b081-b0695e095b04,hexed.nexus,available,12.98,15.98,medium,low,5,namecheap,,,21/08/2026 07:51
51be3b2d-d7ae-4277-8c8f-b19eef4b0f24,zooming.nexus,available,15.98,,high,low,7,namecheap,,,
95435969-d23c-4398-bca1-fe83786791ab,saloons.nexus,available,12.98,15.98,medium,low,7,namecheap,,,19/09/2026 22:32
341d7329-f20f-430b-b1f1-d35cb2643571,leaky.nexus,available,12.98,15.98,medium,low,5,namecheap,,,22/08/2026 22:01
e6a0c30a-8815-4374-a860-18258ae1d7bd,agenesis.nexus,available,12.98,15.98,medium,low,8,namecheap,,,17/09/2026 17:08
f2692801-4a6d-4fa7-99c3-9b86177c54d8,barite.nexus,available,12.98,15.98,medium,low,6,namecheap,,,22/09/2026 06:13
7102c6c3-987e-4669-b997-13ae90f6d32c,congestion.nexus,available,15.98,,high,low,10,namecheap,,,
142a4b7c-b66e-4756-bc88-b1932f724168,parve.nexus,available,12.98,15.98,medium,low,5,namecheap,,,08/09/2026 01:27
abf992e7-3092-4a71-9d87-fb2388a177fe,captain.nexus,premium,161.25,,high,low,7,name.com,,,
46eb3a4a-807e-4290-a3b9-b0d98d78c522,deltoid.nexus,available,12.98,15.98,medium,low,7,namecheap,,,14/08/2026 00:50
64c1ebe2-9b53-43fb-8ff5-ec0e9dfe8635,excursion.nexus,available,15.98,,high,low,9,namecheap,,,
8e577650-9cf2-49da-87c1-f3c76e325657,illinois.nexus,premium,161.25,161.25,high,low,8,name.com,,,21/08/2026 18:40
f92db0c5-061a-45e1-84a9-415561315525,destruction.nexus,available,12.98,15.98,medium,low,11,namecheap,,,27/09/2026 02:03
b0bc2ac2-676a-4834-bcbe-b7e4e9e702d5,cernuous.nexus,available,12.98,15.98,medium,low,8,namecheap,,,12/08/2026 00:44
89dd0859-d3a3-44cc-95fc-3da5e8d9c6ab,reliably.nexus,available,12.98,15.98,high,low,8,namecheap,,,14/09/2026 11:46
515c8969-9a27-4106-b9ac-b0d7b65d4588,growth.nexus,premium,648.7,648.7,high,medium,6,namecheap,,,19/09/2026 11:42
1211526d-feaa-4216-98e7-86b00170d220,retractile.nexus,available,12.98,15.98,medium,low,10,namecheap,,,09/09/2026 15:42
8695f205-41f3-42c7-8452-c836c2cfdce7,intrepid.nexus,available,12.98,15.98,high,low,8,namecheap,,,22/09/2026 12:24
a0c5436b-f95f-40ad-a388-3527ab380539,dependant.nexus,available,12.98,15.98,medium,low,9,namecheap,,,14/08/2026 02:08
e669108f-97fc-455a-85c6-9d5333dcb3a8,yeasty.nexus,available,12.98,15.98,medium,low,6,namecheap,,,08/08/2026 19:56
8171dfc9-25f8-45fb-bc36-c8f4ee37a22a,paris.nexus,premium,648.7,648.7,high,low,5,namecheap,,,24/09/2026 12:17
26930f4b-5e12-491f-b43c-018d47d3a2ff,zaire.nexus,available,12.98,15.98,high,medium,5,namecheap,,,23/09/2026 04:58
c56d8508-3fd6-4833-a513-7ebcd98b6c59,mown.nexus,available,12.98,15.98,medium,low,4,namecheap,,,25/08/2026 09:14
ce3acc36-a3b2-408e-91b8-8b53eee72db2,coats.nexus,premium,37.7,37.7,high,low,5,namecheap,,,17/09/2026 00:23
a7f520fa-8893-44b3-ac5c-63b7f9613346,moreno.nexus,premium,76.7,76.7,high,low,6,namecheap,,,27/09/2026 10:16
a1b96da4-264e-4e5a-bbd3-1b81a7d5fbff,television.nexus,premium,76.7,76.7,high,low,10,namecheap,,,25/09/2026 22:50
083d1f86-e7e9-4540-9fc0-b1947c1f40a5,soupy.nexus,available,12.98,15.98,medium,low,5,namecheap,,,09/08/2026 01:20
f9fd267f-4849-417a-910a-3458c376fd38,requirement.nexus,available,15.98,,high,low,11,namecheap,,,
97ea2fd6-01b0-4aca-8aa3-bd121891f2bc,piercing.nexus,premium,73.75,73.75,high,low,8,name.com,,,22/08/2026 01:25
fdabc57b-ddce-4a06-a93b-e85276d80c4f,windblown.nexus,available,12.98,15.98,medium,low,9,namecheap,,,13/09/2026 12:08
5cc103f7-c682-4321-8772-02ca583465de,asymptote.nexus,available,16.99,16.99,high,low,9,name.com,,,20/09/2026 18:41
3a0746fe-a8b6-4cfb-9497-9b503b7b3ee0,columnar.nexus,available,12.98,15.98,medium,low,8,namecheap,,,12/08/2026 18:14
536bda91-ae9f-452d-92dc-055c0f207782,gallium.nexus,available,12.98,15.98,high,low,7,namecheap,,,20/09/2026 22:50
0f9b52d8-a315-4e76-b7ae-06a79ffe72cc,league.nexus,premium,623.75,,high,low,6,name.com,,,
96ed3fc1-1bb6-48d8-9198-dd56af3c9ca8,thallium.nexus,available,12.98,15.98,medium,low,8,namecheap,,,20/09/2026 23:51
453d52ab-f303-484c-b734-f4300b379d50,serbs.nexus,available,12.98,15.98,medium,low,5,namecheap,,,20/09/2026 12:11
5061d42b-2fa3-4f33-807a-789249c896a7,loved.nexus,premium,323.7,323.7,high,low,5,namecheap,,,25/09/2026 14:27
480c7991-29c4-4161-9330-9b69a117a9b5,ans.nexus,premium,323.7,323.7,high,low,3,namecheap,,,19/09/2026 12:01
4e0ae93f-8716-4d69-bfe8-9345bdeb4f6d,walls.nexus,premium,167.7,167.7,high,low,5,namecheap,,,25/09/2026 16:16
084f3e68-91a9-49ea-b9b8-82c3a51adb27,xcl.nexus,premium,73.75,73.75,medium,low,3,name.com,,,
34c8674a-ef63-472c-b714-89c5febfb9eb,atar.nexus,available,12.98,15.98,medium,low,4,namecheap,,,20/09/2026 19:24
3b8c6b6b-323c-458f-b570-adcf9d02cc1b,diacritic.nexus,available,12.98,15.98,medium,low,9,namecheap,,,14/08/2026 05:43
4e40dc69-43bc-4956-9371-a1fb5e89a854,floods.nexus,available,16.99,16.99,low,low,6,name.com,,,18/09/2026 19:03
d9ed505f-916f-4406-a556-ecebbbbef02a,hogan.nexus,premium,37.7,37.7,high,low,5,namecheap,,,23/09/2026 07:21
3b22b399-0f5d-4b63-9b23-e6bbd04bde2b,customers.nexus,premium,76.7,76.7,high,low,9,namecheap,,,25/09/2026 17:13
d20a3feb-4886-4506-8b89-3d700106aeeb,cloggy.nexus,available,12.98,15.98,medium,low,6,namecheap,,,12/08/2026 11:46
ec5cebb0-e6d4-4206-ad67-2995c1bde775,considered.nexus,available,12.98,15.98,high,low,10,namecheap,,,23/09/2026 20:51
b08c68aa-5c0c-4313-8b4a-b8882518c4c5,sociably.nexus,available,12.98,15.98,medium,low,8,namecheap,,,14/09/2026 22:21
dec19262-57d8-4051-8a02-3958b6b937eb,gentle.nexus,premium,73.75,73.75,high,low,6,name.com,,,06/08/2026 19:29
7092b258-e8b2-426d-9288-558eee3e76d3,practicing.nexus,available,15.98,,high,low,10,namecheap,,,
f327fad1-f072-434d-970b-0a83cf4dd54d,smithsonian.nexus,available,12.98,15.98,high,low,11,namecheap,,,25/09/2026 12:40
ed911fa0-4077-4f50-8ff0-f5d1563a5d26,straggly.nexus,available,12.98,15.98,high,medium,8,namecheap,,,09/09/2026 10:04
8026ed97-4e1c-432b-8e0b-d8187d17268a,victim.nexus,premium,73.75,,high,low,6,name.com,,,
0b4c9f42-8563-441f-8a37-53f1b7c07ea3,reversed.nexus,available,15.98,,high,low,8,namecheap,,,
341bcd32-bacc-412c-861a-d6a334aec8a5,unclipped.nexus,available,12.98,15.98,medium,low,9,namecheap,,,12/09/2026 05:25
280fcb95-979e-44ed-8c79-0071b74c9b09,western.nexus,premium,311.25,311.25,high,low,7,name.com,,,13/09/2026 10:56
fb47ec35-effb-4ff9-be8f-64914aecdb70,fitful.nexus,available,12.98,15.98,medium,low,6,namecheap,,,18/08/2026 05:45
a6387a83-09d2-4585-bdd1-c3137d1050bd,blankly.nexus,available,12.98,15.98,medium,low,7,namecheap,,,14/09/2026 00:13
2a5506a7-098c-4fa4-ac17-8ffd14706433,unoriginal.nexus,available,12.98,15.98,medium,low,10,namecheap,,,12/09/2026 16:21
be9114b0-67b1-439a-afc9-60a65d07f740,acarina.nexus,available,12.98,15.98,medium,low,7,namecheap,,,16/09/2026 21:31
c2d5fb2f-716d-480f-93af-c5c3b54eba91,bicuspid.nexus,available,12.98,15.98,high,low,8,namecheap,,,09/08/2026 19:44
47e87b54-ce8e-4ffd-b154-c61b4ed07898,heatable.nexus,available,12.98,15.98,medium,low,8,namecheap,,,21/08/2026 02:15
51f40b99-1f82-417a-8ccb-05bde4c2caed,chapstick.nexus,available,15.98,,high,low,9,namecheap,,,
0fa92482-ed1b-4f2f-aea1-f13ebbb12c96,contacts.nexus,premium,167.7,167.7,high,low,8,namecheap,,,19/09/2026 20:06
29971695-91b0-4ba1-96c5-765fc24a3bf5,highbrow.nexus,available,12.98,15.98,high,low,8,namecheap,,,21/08/2026 09:09
f23564ab-c0e8-492b-8845-864858591d0f,innocuous.nexus,available,12.98,15.98,high,low,9,namecheap,,,22/08/2026 05:56
3fbed92f-0bc1-44e3-821d-23449a205e2d,binary.nexus,premium,323.7,323.7,high,low,6,namecheap,,,22/09/2026 20:45
65dbded0-a4a4-444b-8fae-b68fffe48549,prosodic.nexus,available,12.98,15.98,medium,low,8,namecheap,,,09/09/2026 03:39
1687271e-cf4d-49fd-8697-e0b2f71ac80a,manganese.nexus,available,12.98,15.98,medium,low,9,namecheap,,,20/09/2026 22:40
e54198ba-989c-4c01-b7e2-69a4c6d16639,naturally.nexus,available,15.98,,high,low,9,namecheap,,,
97e0d3ab-48cf-4563-8899-6639476d355b,quadrangle.nexus,available,12.98,15.98,high,low,10,namecheap,,,09/09/2026 07:22
e3324f7e-821b-462a-9f16-577c44f9531f,things.nexus,premium,623.75,,high,low,6,name.com,,,
c549d72a-d2fa-45fd-8303-8fa8267911d9,bakery.nexus,premium,323.7,323.7,high,low,6,namecheap,,,25/09/2026 04:12
ca528416-e27f-48dd-a60d-7c7a2ea1e824,cenozoic.nexus,available,12.98,15.98,medium,low,8,namecheap,,,11/08/2026 23:46
c381b585-3277-4c40-bc2c-906809cb577e,coaches.nexus,premium,76.7,76.7,medium,low,7,namecheap,,,20/09/2026 07:46
8ee12665-eeb5-41f8-b3f1-c2aa816feb9a,blackbird.nexus,premium,37.7,37.7,high,low,9,namecheap,,,24/09/2026 02:07
7bb51fcb-4811-43c0-b7d6-b9cec5c784ea,conventionally.nexus,available,15.98,,medium,low,14,namecheap,,,
16223545-ee49-435e-839f-bb8fd6c0a20b,chick.nexus,premium,167.7,167.7,high,low,5,namecheap,,,24/09/2026 14:27
60029946-1a96-42a3-8b60-0ddd5f08edfb,motherlike.nexus,available,12.98,15.98,medium,low,10,namecheap,,,25/08/2026 07:04
08cfd735-21a3-43a8-b6e0-923b7c8bd8f5,purblind.nexus,available,12.98,15.98,medium,low,8,namecheap,,,14/08/2026 07:58
35ea7930-8eae-4269-9230-cce60eac29fb,anonymous.nexus,premium,167.7,167.7,high,low,9,namecheap,,,22/09/2026 05:30
a89ee58b-9f2c-4cb1-877c-b820a83dda16,underfoot.nexus,available,12.98,15.98,medium,low,9,namecheap,,,16/09/2026 09:56
46282694-e57b-4616-9398-08d6ff6c73ba,tamed.nexus,available,12.98,15.98,high,low,5,namecheap,,,11/09/2026 07:46
a0ea7a24-87f9-486f-8c82-da14e0423b32,evaluative.nexus,available,12.98,15.98,medium,low,10,namecheap,,,06/08/2026 08:13
45a7e083-ba29-4a51-9730-59092783475e,stably.nexus,available,16.99,16.99,high,low,6,name.com,,,16/09/2026 06:43
a70795a5-73b9-4064-825f-40a093794936,brought.nexus,premium,36.25,,medium,low,7,name.com,,,
512d564a-9f55-47f8-90b4-ff962c67c61b,robotic.nexus,premium,167.7,167.7,high,low,7,namecheap,,,22/09/2026 14:05
2dd015b1-06ff-4e75-9427-5bb9f4ca8296,amply.nexus,available,12.98,15.98,medium,low,5,namecheap,,,13/09/2026 19:37
62623b6a-3f30-4f42-a1a2-c20e1533005a,priests.nexus,available,12.98,15.98,medium,low,7,namecheap,,,18/09/2026 03:38
026f5930-c624-4b9e-9a85-f39dbdfbb843,gossip.nexus,premium,167.7,167.7,high,low,6,namecheap,,,24/09/2026 13:15
9c11bdc6-ff88-41f9-b38a-efe2e5977aa6,immoral.nexus,available,12.98,15.98,medium,low,7,namecheap,,,21/08/2026 21:10
405922a7-189f-4771-a70f-797116945571,emblazon.nexus,available,16.99,16.99,high,low,8,name.com,,,24/09/2026 05:09
877b2de8-06e2-4b9f-bece-5a0f9bd30ebc,detest.nexus,available,15.98,,medium,low,6,namecheap,,,
2e6a55fe-cd5e-42f6-a408-d8b2bbe7085d,plausible.nexus,available,12.98,15.98,high,low,9,namecheap,,,08/09/2026 20:55
ee395d68-e141-4b01-b628-e8ddfe148a6d,creation.nexus,premium,167.7,167.7,high,low,8,namecheap,,,25/09/2026 03:23
9487d221-66fb-4579-b6bc-afbdf70ef75c,annulus.nexus,available,12.98,15.98,high,low,7,namecheap,,,19/09/2026 03:40
ba934a1d-ce52-4c16-88fe-6e99fd383edd,none.nexus,premium,76.7,76.7,high,low,4,namecheap,,,25/09/2026 23:02
8c16f366-6327-411a-ba82-dc97e544ed78,hydroponic.nexus,available,12.98,15.98,medium,low,10,namecheap,,,06/08/2026 10:34
3043dfad-c5a6-45bd-a4a1-3c2dce75b61d,skull.nexus,premium,76.7,76.7,high,low,5,namecheap,,,26/09/2026 00:19
a471c620-5c0b-4afc-98f2-616195e8ca36,jumentous.nexus,available,12.98,15.98,low,low,9,namecheap,,,22/08/2026 14:21
60941055-497f-454f-9e7a-a69206766189,peckish.nexus,available,12.98,15.98,medium,low,7,namecheap,,,22/08/2026 10:23
2e65fb40-7c61-4ba7-b10d-286574b39e57,aalst.nexus,available,12.98,15.98,medium,low,5,namecheap,,,16/09/2026 13:16
a65ac2e9-f1f6-4f55-8f99-2103a7e0c12a,fogbound.nexus,available,12.98,15.98,medium,low,8,namecheap,,,18/08/2026 09:49
f0bb796c-9cad-41d8-8464-1f21ff41c415,apothegm.nexus,available,12.98,15.98,medium,low,8,namecheap,,,19/09/2026 17:10
7d1232be-b158-4f82-92da-557056c52f69,chimpanzee.nexus,available,12.98,15.98,high,low,10,namecheap,,,24/09/2026 14:39
2dc13ef9-c3e0-40b1-933a-f479fa8180e5,anisotropy.nexus,available,12.98,15.98,medium,low,10,namecheap,,,19/09/2026 09:38
ed8509e2-8f36-4970-8278-09c5745131ef,restive.nexus,available,12.98,15.98,medium,low,7,namecheap,,,15/08/2026 09:28
8d133224-724c-466e-81ee-1c748237dc1b,fanta.nexus,premium,36.25,,high,low,5,name.com,,,
295d4185-0d32-4476-953d-aac55cad94e6,hung.nexus,premium,76.7,76.7,high,low,4,namecheap,,,27/09/2026 08:46
104d5b7d-5c90-4a9e-9553-fd69f3238695,hyaloid.nexus,available,12.98,15.98,medium,low,7,namecheap,,,21/08/2026 16:08
0caeb9d8-c18d-4fa8-a93d-bd3152771c02,rollover.nexus,available,12.98,15.98,high,low,9,namecheap,,,16/09/2026 17:22
4d5a971b-8813-450f-baeb-006b999e9a77,carat.nexus,premium,76.7,76.7,high,low,5,namecheap,,,24/09/2026 12:45
e2dc019f-9fa0-44b4-a1b7-382f7f3f73e1,withdrawn.nexus,available,12.98,15.98,medium,low,9,namecheap,,,22/08/2026 03:25
59b57558-00ab-4140-859e-618567f91c4d,previously.nexus,available,15.98,,high,low,10,namecheap,,,
b4e5e189-fb87-4a68-aeff-b4347f5b5d1f,ampoule.nexus,available,12.98,15.98,medium,low,7,namecheap,,,18/09/2026 23:49
5f53ad2f-c681-410d-b5a9-83813c3c5f67,meat.nexus,premium,648.7,648.7,high,low,4,namecheap,,,14/09/2026 23:51
88f35dc0-e32e-4a3d-9751-77000e289ced,bierce.nexus,available,12.98,15.98,medium,low,6,namecheap,,,18/09/2026 17:23
a16e222f-ae1b-4795-b8f4-0e365137f98e,unlit.nexus,available,12.98,15.98,medium,low,5,namecheap,,,12/09/2026 13:03
810b804e-d769-4f60-a118-6d501e23f0b4,split.nexus,premium,648.7,648.7,high,low,5,namecheap,,,24/09/2026 11:30
e219a45e-0c60-4ce3-9e94-64c962f9c70a,mantled.nexus,available,12.98,15.98,medium,low,7,namecheap,,,14/08/2026 18:25
975edfb7-30b7-400a-b336-17e63663c379,constancy.nexus,available,12.98,15.98,high,low,9,namecheap,,,24/09/2026 17:32
ccd72096-608d-4de6-bad7-848a337f36ae,entrenched.nexus,available,12.98,15.98,medium,low,10,namecheap,,,24/09/2026 14:13
05750335-442f-47fd-848d-b78325746406,convexly.nexus,available,12.98,15.98,medium,low,8,namecheap,,,14/09/2026 08:39
ed65923a-b434-4130-ab21-1fa03eaa91cd,giddy.nexus,available,12.98,15.98,medium,low,5,namecheap,,,
2b046fb9-44f5-4685-be07-3675ca2d78f8,cathectic.nexus,available,12.98,15.98,medium,low,9,namecheap,,,11/08/2026 21:45
b5c19bca-3d59-4a13-9456-2642c45c4475,frederic.nexus,premium,37.7,37.7,high,low,8,namecheap,,,25/09/2026 15:15
b0611dab-8b7b-46da-9c9b-96f05271a742,mitotic.nexus,available,12.98,15.98,medium,low,7,namecheap,,,25/08/2026 02:08
0031e501-b585-4a9a-b7c1-43e6f7277fa0,options.nexus,premium,323.7,323.7,high,low,7,namecheap,,,19/09/2026 14:29
d84853c1-eb8b-4cc9-9817-a35d2c8e931d,punch.nexus,premium,323.7,323.7,high,low,5,namecheap,,,27/09/2026 03:37
ca2975ab-4611-4a18-945a-52d26ae36d67,golf.nexus,premium,1248.75,,high,medium,4,name.com,,,
bdb576bf-037d-4c2b-94ab-9056419dee3c,dionysia.nexus,available,12.98,15.98,high,low,8,namecheap,,,21/09/2026 13:58
02269c96-2bdb-4500-a43e-d20b992264e7,make.nexus,premium,1298.7,1298.7,high,medium,4,namecheap,,,27/09/2026 10:16
ae5566bf-4ce6-40a9-8e02-e7340e0b2113,transmitted.nexus,available,12.98,15.98,medium,low,11,namecheap,,,16/09/2026 07:54
c9da463c-7f1e-4f6c-b8b9-409e49ab35d6,grubby.nexus,available,12.98,15.98,medium,low,6,namecheap,,,09/08/2026 09:31
db4c940f-6826-4217-ab8b-bc156e4b568e,reached.nexus,available,12.98,15.98,high,low,7,namecheap,,,17/09/2026 19:16
fd86bc49-8b59-4661-9dbe-d470ac32af67,knight.nexus,premium,311.25,,high,low,6,name.com,,,
9b7e7cf1-7577-48c1-ab9f-a71163376543,verbal.nexus,premium,73.75,,high,low,6,name.com,,,
c68a1d67-192e-4eb2-94be-09e990781a32,platelike.nexus,available,12.98,15.98,high,low,9,namecheap,,,08/09/2026 20:17
09a36725-1593-44ce-9376-7b2cbcc3db72,armchair.nexus,available,12.98,15.98,high,low,8,namecheap,,,20/09/2026 06:33
07c1ddc4-b274-4115-9220-c7fd1c98c23f,sister.nexus,premium,167.7,167.7,high,low,6,namecheap,,,26/09/2026 00:18
ae96b40a-4673-4fec-a881-c48c338d8a2b,pouch.nexus,premium,76.7,76.7,high,low,5,namecheap,,,24/09/2026 11:07
e3ddf733-ff20-4463-a6b7-8fa1ef094a15,venous.nexus,available,12.98,15.98,medium,low,6,namecheap,,,13/09/2026 02:10
3a29b9f8-2553-49ee-8dd3-9632df009e12,prison.nexus,premium,161.25,,high,low,6,name.com,,,
7596ef81-c257-4613-83e5-395a9a8bedaa,anastrophe.nexus,available,12.98,15.98,medium,low,10,namecheap,,,19/09/2026 03:23
516b6c74-282a-4597-bec2-2beeb8ea3cfa,bored.nexus,premium,161.25,161.25,high,low,5,name.com,,,23/09/2026 00:16
8b7d3299-aacf-4064-b588-28f19e85d3e0,comforts.nexus,available,12.98,15.98,high,low,8,namecheap,,,18/09/2026 18:50
6cf51fd4-8557-45c4-850f-cafbaecbc1c0,comparison.nexus,premium,76.7,76.7,high,low,10,namecheap,,,24/09/2026 16:42
97def95c-4166-4a99-be36-55fd2d43d4f2,muted.nexus,available,12.98,15.98,high,low,5,namecheap,,,21/08/2026 15:56
bdba79c1-1d45-4bd8-bf82-e959cec607c8,washup.nexus,available,12.98,15.98,medium,low,6,namecheap,,,24/09/2026 22:42
bf432b78-150a-4a5f-a657-e36dfa9f36e8,slighting.nexus,available,12.98,15.98,medium,low,9,namecheap,,,09/08/2026 13:15
f315442b-6e30-4262-83e0-c20b4141b31e,fitzpatrick.nexus,available,12.98,15.98,medium,low,11,namecheap,,,27/09/2026 07:56
388dd19e-3cd0-470d-8bae-29b46ae73457,saved.nexus,premium,311.25,,high,low,5,name.com,,,
2d31a234-1cd4-4f35-ac40-310e4b811d13,sophomore.nexus,available,12.98,15.98,high,low,9,namecheap,,,10/09/2026 14:17
47643e04-ebe5-406b-a6cb-f772f9467491,siberian.nexus,available,15.98,,high,low,8,namecheap,,,
a82bdedb-6110-4811-8074-65a43737ae34,americans.nexus,premium,76.7,76.7,medium,low,9,namecheap,,,08/09/2026 06:41
3edb7775-18d7-46b2-9fd8-57d08587d8b5,handbasket.nexus,available,12.98,15.98,medium,low,10,namecheap,,,22/09/2026 11:03
335b6e90-0600-4262-99e4-9c400858cf9c,starkly.nexus,available,12.98,15.98,medium,low,7,namecheap,,,16/09/2026 06:57
8b946b21-7e72-4420-8b99-85bbb4f526c3,supplied.nexus,available,15.98,,medium,low,8,namecheap,,,
c7d874af-eeeb-4cdf-81e3-682abefd9719,petulant.nexus,available,12.98,15.98,medium,low,8,namecheap,,,22/08/2026 10:27
9a67da74-f15d-4f83-82b4-d6c1543e7748,crafty.nexus,premium,76.7,76.7,high,low,6,namecheap,,,24/09/2026 01:24
a2fee048-8f82-4d36-b276-995bd7bccfc7,buffet.nexus,premium,167.7,167.7,high,low,6,namecheap,,,19/09/2026 17:05
70bda883-2d96-416e-878c-5a1e2aaae198,into.nexus,premium,623.75,,high,low,4,name.com,,,
8bcadaab-15d3-4ee9-b02b-bbef9e363ac1,undoubtedly.nexus,available,15.98,,high,low,11,namecheap,,,
1bea7f37-d646-41b9-b6bd-f2ad059a5cd9,autarchic.nexus,available,12.98,15.98,medium,low,9,namecheap,,,07/08/2026 18:36
fa099fe3-189a-4fa0-849b-ab10288f161c,inner.nexus,premium,73.75,73.75,high,low,5,name.com,,,22/08/2026 05:54
c4626fe1-2c4c-47f9-837b-b75e8dce75d6,guatemalan.nexus,available,12.98,15.98,high,low,10,namecheap,,,20/08/2026 20:45
764591db-0226-4cb0-bc62-c851bdc29d99,shakira.nexus,available,15.98,,high,low,7,namecheap,,,
8360c2ee-0166-4e97-8a9e-7ccd19217ed0,humour.nexus,premium,167.7,167.7,high,low,6,namecheap,,,24/09/2026 06:31
9aad660e-6597-40eb-a64d-b022115cd108,entree.nexus,premium,36.25,36.25,high,low,6,name.com,,,16/09/2026 22:08
2423f787-ab85-4311-bc62-39d03f52651c,dresser.nexus,premium,76.7,76.7,high,low,7,namecheap,,,17/09/2026 05:17
c5b05be0-8831-44d8-ab11-2765798ce96a,accretion.nexus,available,12.98,15.98,high,low,9,namecheap,,,16/09/2026 23:14
fb7d5bd4-a9f9-4e31-9cfb-9f09321d15d9,ice.nexus,premium,648.7,648.7,high,medium,3,namecheap,,,19/09/2026 17:13
4a9b3691-06a6-4cf8-bf0c-534b509fceb1,khomeini.nexus,available,12.98,15.98,high,low,8,namecheap,,,21/09/2026 10:36
12eb91e6-9775-4371-82ac-07b5eb4c865a,tenfold.nexus,available,12.98,15.98,high,low,7,namecheap,,,14/08/2026 01:44
c1fb4325-8ef3-4b6f-bf1f-041b8abf9acb,promethium.nexus,available,12.98,15.98,medium,low,10,namecheap,,,20/09/2026 23:23
182bd31e-96e2-4a15-b627-f740cd6d0a87,farmstand.nexus,available,15.98,,high,low,10,namecheap,,,
3b74351f-0fa6-4779-9ff5-5108ea540773,theorize.nexus,available,12.98,15.98,high,low,8,namecheap,,,24/09/2026 17:19
6e497a51-2dd8-4630-8f32-e7c367283df7,affiliated.nexus,available,12.98,15.98,high,low,10,namecheap,,,
177105f4-c778-4d56-b154-ce065d7ac48a,cnn.nexus,premium,161.25,,high,low,3,name.com,,,
2fdc78ec-0837-4496-a948-db30bdca2c41,kiev.nexus,premium,36.25,,high,low,4,name.com,,,
e0ba9e0e-2a4d-4c9b-b4eb-e2c8e114c0ba,upton.nexus,available,10.52,10.52,medium,low,5,spaceship,,,27/09/2026 11:29
4d755263-c6b5-480b-ade3-b9e8881a43f9,religion.nexus,premium,161.25,,high,low,8,name.com,,,
b58d4e9a-0f51-4644-851c-e6336cc75961,sell.nexus,premium,1248.75,,high,medium,4,name.com,,,
c81a14e2-68c8-4285-8fec-0549ca7d9f15,cranial.nexus,available,12.98,15.98,high,low,7,namecheap,,,13/08/2026 04:49
f5200839-bc2f-47db-86d3-ffcacfe375c4,tout.nexus,premium,161.25,161.25,high,low,4,name.com,,,11/08/2026 01:03
0fc50a8e-b494-43bf-bd46-e1c747bba1d7,baboon.nexus,premium,37.7,37.7,high,low,6,namecheap,,,21/09/2026 12:58
9f2f3ea4-bf5e-4b9e-81fc-a932c5ee52b6,kokka.nexus,available,12.98,15.98,medium,low,5,namecheap,,,08/09/2026 07:02
493cb65a-71cd-44d7-aeba-3fc4a26ed50e,slimed.nexus,available,12.98,15.98,medium,low,6,namecheap,,,10/09/2026 10:57
b4d58005-6334-4401-af47-e9d72d704365,opts.nexus,available,12.98,15.98,medium,low,4,namecheap,,,18/09/2026 13:57
17e3b739-136d-404d-b90e-2a4331b6e3fe,surrounded.nexus,available,12.98,15.98,high,low,10,namecheap,,,16/08/2026 22:16
d864cf58-f75c-438f-a002-fa2d6af3bcf6,granddad.nexus,available,15.98,,high,low,8,namecheap,,,
3fdd82e4-8891-4a5e-a5f2-019fde818159,complement.nexus,available,15.98,,high,low,10,namecheap,,,
328c0f6f-ca7a-4c98-bf63-23882d4516e5,gruesome.nexus,available,12.98,15.98,medium,low,8,namecheap,,,18/08/2026 23:17
b931cdf3-448a-47e3-9b0d-5661823b9ed8,aftermath.nexus,available,12.98,15.98,high,low,9,namecheap,,,17/09/2026 15:43
5d1c93b6-bb7e-44da-836a-7d8e9019614c,puddings.nexus,available,16.99,16.99,medium,low,8,name.com,,,19/09/2026 22:22
79b55fdd-7f17-4afb-bd93-9998e16d7e55,separate.nexus,premium,37.7,37.7,high,low,8,namecheap,,,24/09/2026 11:16
80081609-736c-49f9-ab30-4fafbdc3fff1,earnest.nexus,available,12.98,15.98,high,low,7,namecheap,,,14/08/2026 22:31
bfdbe6b7-7e05-4d8a-aa19-5fc05614f627,bib.nexus,premium,76.7,76.7,high,low,3,namecheap,,,23/09/2026 12:42
26b747fc-2f98-4761-9f2f-2406b1b283ff,dipped.nexus,available,12.98,15.98,high,low,6,namecheap,,,14/08/2026 08:30
42fc6b65-276f-4a39-acb9-33db560257a9,barbuda.nexus,available,12.98,15.98,medium,low,7,namecheap,,,22/09/2026 05:04
2b84446c-ffec-4c8e-b6d2-2f0b39496937,tai.nexus,premium,311.25,311.25,high,low,3,name.com,,,10/09/2026 07:25
ffdc9409-9b0a-461b-a9c3-43a19c009e77,ironlike.nexus,available,12.98,15.98,medium,low,8,namecheap,,,22/08/2026 10:10
94b49772-6310-4abd-871e-8fbd97cb08d5,speedily.nexus,available,12.98,15.98,medium,low,8,namecheap,,,13/09/2026 20:19
c884c799-65ad-4d13-a1d0-35e68ca1b03b,ilxxx.nexus,available,12.98,15.98,medium,low,5,namecheap,,,
ce043334-b7d9-41a0-b15b-45aa74503e17,tatty.nexus,available,12.98,15.98,medium,low,5,namecheap,,,18/08/2026 06:42
4a63a752-f570-4294-9c35-00e30b7e930f,reversive.nexus,available,12.98,15.98,medium,low,9,namecheap,,,09/09/2026 16:11
ec1d5bfe-52fc-4eff-a1d7-397dce76b9e8,lowering.nexus,available,12.98,15.98,high,low,8,namecheap,,,25/09/2026 15:28
599c009b-5cf2-4233-ae55-f43a9033274f,madwort.nexus,available,12.98,15.98,medium,low,7,namecheap,,,18/09/2026 15:25
41bec3b3-bc06-4359-b9df-0ba900d8dd9f,clove.nexus,premium,37.7,37.7,high,low,5,namecheap,,,24/09/2026 16:05
f40b77d2-a3d7-4c43-a9e9-3e167918394a,underestimated.nexus,available,15.98,,medium,low,14,namecheap,,,
6e012855-25a5-4a7c-a5b4-a2c61b91c52d,difficulties.nexus,available,12.98,15.98,high,low,12,namecheap,,,17/09/2026 21:37
ef6c8295-2f16-449d-b868-aed226a8bd78,gaping.nexus,available,12.98,15.98,high,low,6,namecheap,,,
9bfc4d03-0d52-49ce-bdd5-96a022362e1f,trades.nexus,premium,167.7,167.7,high,low,6,namecheap,,,25/09/2026 14:51
03e60b34-b6b0-4b3b-9ca4-61b1a2be5675,balustrade.nexus,available,12.98,15.98,high,low,10,namecheap,,,22/09/2026 00:29
39409e9d-2eba-4c2a-8d43-ef44ea4d53e4,unspaced.nexus,available,12.98,15.98,low,low,8,namecheap,,,12/09/2026 20:24
c5255d56-f30f-484d-889d-19ea3ea2ba1a,posters.nexus,premium,161.25,,high,low,7,name.com,,,
3123ce89-f999-475e-8e74-1f68be7f9fd7,monkfish.nexus,available,12.98,15.98,medium,low,8,namecheap,,,18/09/2026 11:42
b690552c-73ef-439d-ac0c-bc40db0a678d,wedged.nexus,available,12.98,15.98,medium,low,6,namecheap,,,21/08/2026 21:38
8469e836-755f-47ea-930e-67ad3c44c62d,judge.nexus,premium,167.7,167.7,high,low,5,namecheap,,,25/09/2026 05:43
2aeffcf1-ca3e-4b4a-845f-4dce32b139aa,ovens.nexus,available,12.98,15.98,medium,low,5,namecheap,,,20/09/2026 10:00
9e2bd58f-ea1d-45cb-9bae-03a1d76f07f1,paparazzi.nexus,premium,37.7,37.7,high,low,9,namecheap,,,16/09/2026 14:02
b2736b7e-122a-46bc-9c5e-e98d3a961f5b,emerging.nexus,premium,73.75,73.75,high,low,8,name.com,,,16/08/2026 15:03
d189508f-008c-4648-83b0-479a5a4dcdfd,rank.nexus,premium,323.7,323.7,high,low,4,namecheap,,,24/09/2026 13:36
e7d8f8bb-dde7-48fa-b266-3c147d5e1325,reducible.nexus,available,12.98,15.98,high,medium,9,namecheap,,,09/09/2026 12:24
50d5f2fe-a702-4aa2-9814-bb82dcb1acab,believed.nexus,available,12.98,15.98,high,low,8,namecheap,,,17/09/2026 00:11
4e16936c-8280-4606-ab9b-c71f5cbe5bb2,cold.nexus,premium,323.7,323.7,high,low,4,namecheap,,,23/09/2026 15:03
18f77a9d-240a-4208-8e8f-817f77a086ad,penny.nexus,premium,161.25,,high,low,5,name.com,,,
ec0894a8-b192-48e1-94f4-d19d2e02bee1,cager.nexus,available,12.98,15.98,medium,low,5,namecheap,,,22/09/2026 11:27
28509a3c-d04a-4014-a318-9cc70796c41b,york.nexus,premium,623.75,,high,low,4,name.com,,,
6900e882-cf0e-4a5d-9f19-4f6e309317bc,pervert.nexus,available,16.99,16.99,high,low,7,name.com,,,23/09/2026 23:54
9a44f752-dcfc-4e7b-bca6-84cd5be185da,attlee.nexus,available,12.98,15.98,medium,low,6,namecheap,,,16/09/2026 12:16
1c2fa89d-d96e-42fd-9021-a923c831008b,friday.nexus,premium,648.7,648.7,high,low,6,namecheap,,,25/09/2026 06:11
48f807e0-ecc6-42ba-844b-bb0b90149544,exogenic.nexus,available,12.98,15.98,medium,low,8,namecheap,,,17/08/2026 17:34
abba0fb0-a245-426b-be04-07d061f1092b,disorders.nexus,available,16.99,16.99,medium,low,9,name.com,,,20/09/2026 00:40
5526bc33-1963-4d1c-8b64-a82fc20c0805,smashing.nexus,premium,36.25,36.25,high,low,8,name.com,,,08/08/2026 12:53
06f4bd72-f48d-4abc-89f8-d0b2ebeb1bd7,velocities.nexus,available,12.98,15.98,medium,low,10,namecheap,,,18/09/2026 19:40
58a5b8d7-360b-41d1-ac78-aeed465567b7,greek.nexus,premium,323.7,323.7,high,low,5,namecheap,,,08/09/2026 07:29
041163dd-9b08-495f-9917-64145a0a2308,sickening.nexus,available,12.98,15.98,medium,low,9,namecheap,,,24/08/2026 08:28
81060868-299f-452c-abef-2820071da868,bleak.nexus,available,12.98,15.98,medium,low,5,namecheap,,,08/08/2026 21:02
cfb3b6d1-d25c-4f21-942e-5989b882eeec,ditto.nexus,premium,37.7,37.7,high,low,5,namecheap,,,24/09/2026 23:16
ccb5f743-beb7-47ae-84ce-73ed53bb54c1,bmus.nexus,available,12.98,15.98,medium,low,4,namecheap,,,21/09/2026 14:14
ac191182-2e48-4af7-ac73-d938deff52e9,kickshaw.nexus,available,16.99,16.99,medium,low,8,name.com,,,13/08/2026 15:56
f1312811-7646-4b01-af33-3400e2d136fe,casteless.nexus,available,12.98,15.98,medium,low,9,namecheap,,,11/08/2026 20:25
bf0d3d54-434d-44fe-a943-e74569b580c9,grump.nexus,available,12.98,15.98,medium,low,5,namecheap,,,13/08/2026 04:58
e5197cef-b812-4fbd-af96-268962899778,horrid.nexus,available,12.98,15.98,medium,low,6,namecheap,,,21/08/2026 08:14
74255e1f-0be9-4b57-ac02-48424e4e095b,hackneyed.nexus,available,12.98,15.98,medium,low,9,namecheap,,,08/08/2026 10:56
20e2b09a-3c0c-41a4-92e1-326de2faa123,such.nexus,premium,311.25,,high,low,4,name.com,,,
ffac41bd-9a1d-4f46-aa05-3a954410b410,unweaned.nexus,available,12.98,15.98,low,low,8,namecheap,,,12/09/2026 22:29
2db5d412-cb41-4bd0-ba9b-d73d6d8ae918,stagnant.nexus,available,12.98,15.98,medium,low,8,namecheap,,,25/08/2026 06:25
c505084a-05a7-48c8-ac06-3321f4a371c2,neglected.nexus,available,12.98,15.98,medium,low,9,namecheap,,,21/08/2026 18:36
099df998-30b0-417f-920d-19f5f86973b5,gag.nexus,premium,73.75,,high,low,3,name.com,,,
b748fff0-1b92-4e90-8d89-346c5b8fdfff,beowulf.nexus,available,16.99,16.99,medium,low,7,name.com,,,23/09/2026 09:04
b19a3dc6-a26a-40d6-a3df-dd9d529dcdad,capable.nexus,premium,167.7,167.7,high,low,7,namecheap,,,21/09/2026 18:33
326f88a3-7319-479c-80a1-240a4a432b26,firsthand.nexus,available,12.98,15.98,high,low,9,namecheap,,,18/08/2026 05:27
469ed351-1286-42de-a1eb-3a7195e3d7d0,meth.nexus,premium,37.7,37.7,high,low,4,namecheap,,,24/09/2026 21:56
78ce14fb-6ccc-431c-9a92-dbc14bf9805f,shaver.nexus,premium,36.25,36.25,medium,low,6,name.com,,,25/08/2026 00:03
36903e9a-812f-4285-b8a7-b2a81dc343f2,vent.nexus,premium,161.25,,high,low,4,name.com,,,
11c2e339-b7ef-40c8-865b-d9284a588003,refunds.nexus,available,12.98,15.98,medium,low,7,namecheap,,,20/09/2026 14:13
bf912e40-999e-4c1b-aab0-0db134ca1249,surf.nexus,premium,648.7,648.7,high,low,4,namecheap,,,24/09/2026 08:25
8564762c-244d-48b9-a44e-bf5e205352a5,prominence.nexus,available,12.98,15.98,high,low,10,namecheap,,,24/09/2026 11:05
3d965c8b-30fa-4ff1-a793-a8461c1bdd38,hoopla.nexus,available,12.98,15.98,high,low,6,namecheap,,,21/09/2026 23:33
05e96be0-42f4-4f5d-979b-0728505cc016,tower.nexus,premium,311.25,,high,low,5,name.com,,,
959022ae-d767-4508-80f4-245268768580,alluring.nexus,available,12.98,15.98,high,low,8,namecheap,,,22/09/2026 01:34
81a67b0d-6360-4099-b502-e454edf096a3,feral.nexus,premium,36.25,36.25,high,low,5,name.com,,,18/08/2026 01:10
648c8bb6-1297-43c5-8cd5-700581aa6011,spy.nexus,premium,648.7,648.7,high,low,3,namecheap,,,25/09/2026 10:42
c9dc57af-0d75-45fa-899d-e8922854e124,propensity.nexus,available,12.98,15.98,high,low,10,namecheap,,,22/08/2026 22:09
d43434cc-c437-4f2c-b54c-478cc2b26332,chewable.nexus,available,12.98,15.98,medium,low,8,namecheap,,,12/08/2026 04:28
036dbad2-6cf1-41c3-bf21-b538fc8ccc37,inquiring.nexus,available,12.98,15.98,high,low,9,namecheap,,,22/08/2026 06:19
f946a66c-1905-426a-bf40-8253f2cd54f4,repentant.nexus,available,12.98,15.98,medium,low,9,namecheap,,,08/09/2026 14:32
285351df-5444-4e32-b4ee-2a3104ada49f,diversity.nexus,premium,161.25,,high,low,9,name.com,,,
75016da9-6ddc-46a8-8bd4-b22d31d3dac7,orbicular.nexus,available,12.98,15.98,medium,low,9,namecheap,,,08/08/2026 10:11
2e78f327-89bc-4ec8-a388-e7c3ef4e891d,mangonel.nexus,available,12.98,15.98,medium,low,8,namecheap,,,20/09/2026 00:37
c236c1f2-a638-4219-bf82-15b1d6f647fe,birthplace.nexus,available,12.98,15.98,high,low,10,namecheap,,,23/09/2026 21:18
7b0e7f66-65b8-43e0-8273-a08a087eb6b1,measurably.nexus,available,12.98,15.98,medium,low,10,namecheap,,,15/09/2026 13:50
fa035de4-0177-4bce-96c6-05e87d080b86,cavalier.nexus,available,12.98,15.98,high,low,8,namecheap,,,11/08/2026 22:48
4180a0b1-93a0-49ce-a06d-e2429599b1ef,bioscope.nexus,available,12.98,15.98,medium,low,8,namecheap,,,23/09/2026 19:01
8ab7c086-93d1-4603-9f79-2f3e26593055,visibility.nexus,premium,36.25,,high,low,10,name.com,,,
1e458523-df5c-4ed1-af2d-2b0c075aca19,cheering.nexus,available,12.98,15.98,high,low,8,namecheap,,,12/08/2026 03:45
26ddc7db-623b-47e7-b93e-491c7f1a4029,aleut.nexus,available,12.98,15.98,high,low,5,namecheap,,,
864ebff0-9939-45ef-84dc-fdad38e2ca8f,tryst.nexus,available,16.99,16.99,high,low,5,name.com,,,20/09/2026 16:22
d993f731-5451-4c7d-b7f1-8f2c84d7ca1c,purposely.nexus,available,12.98,15.98,high,low,9,namecheap,,,13/09/2026 17:36
a6f92785-1350-411e-aed1-f8a40335bc0d,pricey.nexus,available,12.98,15.98,medium,low,6,namecheap,,,21/08/2026 08:57
2db73d91-2537-4950-b6a4-4920119f6cb7,lentic.nexus,available,12.98,15.98,medium,low,6,namecheap,,,22/08/2026 23:50
dc583676-33b9-4ee5-8965-fde237e43a1c,measurable.nexus,available,12.98,15.98,high,low,10,namecheap,,,24/08/2026 18:27
af430fc8-5d37-429c-87e0-962f057d9365,tenor.nexus,premium,37.7,37.7,high,low,5,namecheap,,,11/09/2026 11:24
94bcc9b9-b670-4901-8f8c-8069a1a21c6e,azeri.nexus,available,12.98,15.98,high,low,5,namecheap,,,21/09/2026 11:12
cdb6918c-2098-46d6-9f6f-37041869ceff,heartfelt.nexus,available,12.98,15.98,high,low,9,namecheap,,,21/08/2026 02:11
ede796b5-bc2e-4848-82cf-a9ec7a010529,acardia.nexus,available,12.98,15.98,medium,low,7,namecheap,,,16/09/2026 21:17
fbfd1d65-6b26-4726-a832-b26c5c829866,suggestion.nexus,premium,37.7,37.7,high,low,10,namecheap,,,25/09/2026 07:41
6b6660f9-cbc8-4635-89f0-50208c55c6b9,moulds.nexus,available,12.98,15.98,medium,low,6,namecheap,,,20/09/2026 13:57
ad5beb6f-0ca0-46ab-843d-69f53bde0b3a,bagatelle.nexus,available,12.98,15.98,medium,low,9,namecheap,,,21/09/2026 17:53
042bfced-933b-45a5-ba3c-b52a9ab01367,dining.nexus,premium,323.7,323.7,high,low,6,namecheap,,,
d5127c3e-01e0-454f-9b95-42a79916f5c5,duke.nexus,premium,623.75,,high,low,4,name.com,,,
68860dcc-28eb-43c0-ac17-7e1a75df9db0,luxury.nexus,premium,623.75,,high,low,6,name.com,,,
49065dc9-2e39-4fd2-9a5d-cf5159563886,upstart.nexus,available,12.98,15.98,high,low,7,namecheap,,,25/09/2026 23:17
801f3a0e-410b-49fc-8f96-0c21039ee15d,throwback.nexus,available,12.98,15.98,high,low,9,namecheap,,,11/09/2026 15:00
68487a00-11c9-4161-8369-21abccfb3b45,deafen.nexus,available,16.99,16.99,medium,low,6,name.com,,,13/08/2026 19:44
0b995987-4fd3-44ca-8c06-7e2961fdff26,procure.nexus,available,12.98,15.98,high,low,7,namecheap,,,10/09/2026 01:32
6d2738f1-9c7f-4e4f-a65c-404a5269ee3b,neighbor.nexus,premium,36.25,,high,low,8,name.com,,,
88320514-fea2-4112-a767-3a8edc2a1a73,frostbite.nexus,available,12.98,15.98,high,low,9,namecheap,,,24/09/2026 19:56
5eb7e389-bc1a-4e5f-b843-f04297b92f7f,unending.nexus,available,12.98,15.98,high,low,8,namecheap,,,
d9f68c5d-ac14-45f3-b9fc-07dbe9a2fb14,roiled.nexus,available,12.98,15.98,medium,low,6,namecheap,,,
1b500893-114e-45d9-9cfc-140da4985413,disclaimer.nexus,available,16.99,16.99,high,low,10,name.com,,,24/09/2026 22:28
a47ff08a-9286-4495-a660-d0189c25aa2c,addend.nexus,available,12.98,15.98,medium,low,6,namecheap,,,17/09/2026 06:41
52d90dda-1b23-4c24-a7cf-972a8ce2b08f,disclosure.nexus,premium,36.25,,high,low,10,name.com,,,
5ded2c23-7092-48a2-be34-f692598b3b9a,blackjack.nexus,premium,648.7,648.7,high,low,9,namecheap,,,24/09/2026 00:44
313a5bef-5c45-4b74-8e4a-1b9a92df0897,elusive.nexus,available,12.98,15.98,high,low,7,namecheap,,,08/08/2026 08:07
7655acd6-a63b-46a3-aedc-7434523a6bf5,activeness.nexus,available,12.98,15.98,medium,low,10,namecheap,,,17/09/2026 05:11
728a784a-91fd-4265-9762-3f11f568d546,yogic.nexus,available,12.98,15.98,medium,low,5,namecheap,,,13/09/2026 14:41
fc4bafde-9b01-4062-984e-b9cea8760b9e,brittle.nexus,available,12.98,15.98,medium,low,7,namecheap,,,11/08/2026 03:47
3f170942-a976-49b5-9bbc-f7a8937758bc,shallot.nexus,available,12.98,15.98,high,low,7,namecheap,,,18/09/2026 11:16
db4a7823-6456-45ef-825b-c8c26e360847,backspacer.nexus,available,12.98,15.98,medium,low,10,namecheap,,,21/09/2026 16:02
d4ef5d80-cf97-4afd-9424-408ba2299e3e,roomie.nexus,available,12.98,15.98,high,medium,6,namecheap,,,09/09/2026 18:35
9594ed65-b4bc-454b-9a07-48b7c1cc8fcc,freaking.nexus,available,15.98,,medium,low,8,namecheap,,,
28f72d89-7e34-484c-a8c4-9ed0f384b543,anthozoa.nexus,available,12.98,15.98,medium,low,8,namecheap,,,17/09/2026 05:01
2698e4d0-2635-41dd-b2ff-7a680dc5a984,marvin.nexus,premium,76.7,76.7,high,low,6,namecheap,,,25/09/2026 13:38
73792207-6b31-4108-b877-ab47a58e2c95,condor.nexus,premium,76.7,76.7,high,low,6,namecheap,,,24/09/2026 17:10
51d0c901-d089-42ae-a36f-0855c4bcb4ae,supernatural.nexus,premium,36.25,,high,low,12,name.com,,,
1a314661-6e6e-420f-96db-8f39acacc772,souls.nexus,premium,36.25,,high,low,5,name.com,,,
edaa73a1-2e0a-4fe0-8dc2-34ed751e9bff,homophonic.nexus,available,12.98,15.98,medium,low,10,namecheap,,,21/08/2026 13:06
d1a6cc5a-44a6-4e9a-9a26-eeada20da777,slaveless.nexus,available,12.98,15.98,medium,low,9,namecheap,,,18/08/2026 14:44
2974bf49-1b6b-4737-8a28-57af2d4eb286,brothers.nexus,premium,73.75,73.75,high,low,8,name.com,,,
c26f6171-39cd-489d-9a01-ea2148a251c7,adagio.nexus,premium,36.25,36.25,high,low,6,name.com,,,
7d1a669c-dc3d-4290-ab84-4381c57d314b,accede.nexus,available,12.98,15.98,high,low,6,namecheap,,,20/09/2026 16:11
26f66fc7-9f7e-4df2-96c3-da8e49a7d450,suppressed.nexus,available,12.98,15.98,high,medium,10,namecheap,,,10/09/2026 12:14
6463a402-4d03-4537-a911-f4258f0d92a2,quiz.nexus,premium,648.7,648.7,high,low,4,namecheap,,,27/09/2026 02:23
88ab85b1-3801-4401-b52c-87df252e3c68,surprise.nexus,premium,161.25,,high,low,8,name.com,,,
6b64b3fa-8411-4a21-b85c-31966165a670,instore.nexus,premium,73.75,,high,low,8,name.com,,,
95426819-97e1-470c-8734-d72966bae08c,sizzling.nexus,available,12.98,15.98,high,low,8,namecheap,,,10/09/2026 09:17
10a42f55-cc6d-4419-9d18-98a71c769898,checkmate.nexus,available,12.98,15.98,high,low,9,namecheap,,,24/09/2026 14:02
c1c3af1e-61ae-4aa9-92a3-677e920b3499,kin.nexus,premium,73.75,73.75,high,low,3,name.com,,,22/08/2026 16:00
9c028904-2d85-407d-a9ce-e6f42e35583c,eudaemonic.nexus,available,12.98,15.98,medium,low,10,namecheap,,,17/08/2026 14:10
03b5f056-467f-435b-a136-914a2778f022,aniseed.nexus,available,12.98,15.98,high,low,7,namecheap,,,19/09/2026 09:27
736f0ab2-427b-474b-8a5c-f156a2a2595c,weather.nexus,premium,1298.7,1298.7,high,medium,7,namecheap,,,23/09/2026 02:29
e58afefd-72ac-4b4d-bdd2-0b8eb4d0d5af,fibre.nexus,premium,36.25,,high,low,5,name.com,,,
45b7b5e4-36ac-4020-9249-61151c515058,antichrist.nexus,available,12.98,15.98,medium,low,10,namecheap,,,19/09/2026 14:15
0849f381-90c8-46fa-a488-8e6fab2d6497,briefcase.nexus,available,15.98,,high,low,9,namecheap,,,
adfd0408-7019-4f53-b2f8-51ad6484aba6,birretta.nexus,available,12.98,15.98,medium,low,8,namecheap,,,23/09/2026 10:09
d1d16609-cb01-438b-b302-921b841402d0,lawn.nexus,premium,161.25,,high,low,4,name.com,,,
3a2713ab-3783-43f9-a084-3c0323ae4fd3,ruminant.nexus,available,12.98,15.98,high,medium,8,namecheap,,,09/09/2026 19:22
9cc658fe-4e52-4157-a3df-1009869dd196,chemical.nexus,premium,167.7,167.7,high,low,8,namecheap,,,08/09/2026 15:30
f15a9462-6dab-4f5c-9cad-00180464d8d5,astatine.nexus,available,12.98,15.98,medium,low,8,namecheap,,,20/09/2026 16:55
53e1d9f5-aa69-47ba-bcf7-2aeb3f3e1237,shogunate.nexus,available,12.98,15.98,medium,low,9,namecheap,,,21/09/2026 05:18
743fa337-3079-4c69-815f-be6ff77cdfff,greatest.nexus,premium,73.75,73.75,high,low,8,name.com,,,20/08/2026 19:40
a53af163-c0ff-410a-888b-361772284170,claim.nexus,premium,623.75,,high,low,5,name.com,,,
749669df-a75d-4649-abe6-12b7c45da27c,kelly.nexus,premium,323.7,323.7,high,low,5,namecheap,,,25/09/2026 05:33
4c9b9082-916f-454a-81b3-8bd3d057b2d8,abeyant.nexus,available,12.98,15.98,medium,low,7,namecheap,,,
09a0509c-49a3-47b8-85b6-036b626d3511,dateable.nexus,available,16.99,16.99,medium,low,8,name.com,,,13/08/2026 18:38
a1d7f24c-89a8-4e76-9321-31a0678f353e,affluent.nexus,available,12.98,15.98,high,low,8,namecheap,,,21/09/2026 21:54
9f8394b7-d0d3-4289-83f2-9edfd59ce32a,uric.nexus,available,12.98,15.98,medium,low,4,namecheap,,,12/09/2026 23:37
3803fc60-0664-46b3-a7d4-d5c850f3bff1,vibrate.nexus,available,15.98,,high,low,7,namecheap,,,
3058c95e-db1a-46d5-bd87-223323de13d7,parametric.nexus,available,12.98,15.98,high,low,10,namecheap,,,08/09/2026 01:01
f116bd5d-f2e7-4599-bd5e-e18ad135f314,sesame.nexus,premium,167.7,167.7,high,low,6,namecheap,,,23/09/2026 08:27
55a09501-bb48-49fa-a951-421bdfc19777,embedded.nexus,premium,161.25,161.25,high,low,8,name.com,,,16/08/2026 08:42
538c23ee-2624-4941-b817-1af6a69cd95c,westerly.nexus,available,12.98,15.98,medium,low,8,namecheap,,,13/09/2026 10:53
c4f86077-fbea-4d5d-b467-fd0e9270cc16,operable.nexus,available,12.98,15.98,medium,low,8,namecheap,,,04/09/2026 16:20
0198dc04-8d8e-47b0-b6f2-d4c0dc284124,nodded.nexus,available,16.99,16.99,medium,low,6,name.com,,,18/09/2026 03:34
36936495-a3c2-446b-ad90-89c2f74cf236,zillion.nexus,available,12.98,15.98,high,low,7,namecheap,,,11/09/2026 19:50
ef31875d-8004-4789-96fb-89a38aaadb22,ionian.nexus,available,12.98,15.98,high,low,6,namecheap,,,22/08/2026 09:28
6617f934-fd6a-4864-a799-22880e6d4c43,heartsick.nexus,available,12.98,15.98,medium,low,9,namecheap,,,11/08/2026 05:30
feda8250-27f5-4733-8e31-7be525b2cf69,punk.nexus,premium,323.7,323.7,high,low,4,namecheap,,,23/09/2026 11:14
3c5e8154-ff3e-4c71-a5bf-cadc8ff07436,multilane.nexus,available,12.98,15.98,medium,low,9,namecheap,,,03/09/2026 10:43
8ecf0d00-14cf-477c-afd2-62aed11f5714,checklist.nexus,premium,73.75,,high,low,9,name.com,,,
ba7e4fb5-7d40-40c2-a1b5-62ecea295f2b,doxepin.nexus,available,12.98,15.98,medium,low,7,namecheap,,,17/09/2026 06:25
20da4e79-2384-4cbb-8224-8e5f88d5a06c,inglorious.nexus,available,12.98,15.98,medium,low,10,namecheap,,,21/08/2026 18:25
bf7a3912-ed81-4b38-bfe1-e548d42a1e8c,stanch.nexus,available,12.98,15.98,medium,low,6,namecheap,,,10/09/2026 19:26
07425496-06dd-4b00-a0a4-ebe0717a5e8c,contrast.nexus,premium,161.25,,high,low,8,name.com,,,
0a1ef859-785f-44e1-a229-90da3688da77,tactical.nexus,premium,167.7,167.7,high,low,8,namecheap,,,11/09/2026 07:00
7ed3cdc0-c30e-4a26-80cd-739b87f62fab,plumbing.nexus,premium,76.7,76.7,high,low,8,namecheap,,,22/09/2026 13:57
3dc1594a-d29e-41d7-adfd-a190a64c618a,hasty.nexus,available,12.98,15.98,medium,low,5,namecheap,,,21/08/2026 01:15
e37231b2-040e-4f5c-8df4-26c177341858,caliber.nexus,premium,37.7,37.7,high,low,7,namecheap,,,24/09/2026 11:44
0d632a53-92b4-4ae5-a3de-921abf4efee1,woodbine.nexus,available,12.98,15.98,high,low,8,namecheap,,,18/09/2026 20:11
7786a6b9-b70c-4a7f-aea4-3e5ba8058f3f,aba.nexus,premium,76.7,76.7,high,low,3,namecheap,,,16/09/2026 13:42
638e186e-1e7c-4353-b492-1985684e6319,calculated.nexus,available,12.98,15.98,high,low,10,namecheap,,,11/08/2026 13:58
8bdd4da8-70d7-491d-8a10-04b5287f55d9,disassemble.nexus,available,15.98,,high,low,11,namecheap,,,
d5468bdc-dda4-4eaf-9b53-2c13c0670a7c,colorise.nexus,available,12.98,15.98,medium,low,8,namecheap,,,12/08/2026 17:36
1b1c8070-51df-40f0-8b5b-1ff536888c81,laminal.nexus,available,12.98,15.98,medium,low,7,namecheap,,,22/08/2026 19:09
f0928628-034a-4216-939f-9e1f810c0e32,sight.nexus,premium,648.7,648.7,high,low,5,namecheap,,,25/09/2026 20:56
a852a83b-6dc3-43ee-9825-3600cc5bb600,restless.nexus,available,15.98,,high,low,8,namecheap,,,
395add21-a800-4a0f-827e-d38406de5b68,oxygen.nexus,premium,311.25,,high,low,6,name.com,,,
713f526c-8e75-4155-a28f-49bf2377464c,duplicity.nexus,available,12.98,15.98,medium,low,9,namecheap,,,14/08/2026 16:52
4ff84e79-18d0-4f36-b765-12a9b1821629,additions.nexus,available,12.98,15.98,medium,low,9,namecheap,,,18/09/2026 16:32
ff5bfb19-995b-42d9-b08e-840436e039a0,impervious.nexus,available,12.98,15.98,medium,low,10,namecheap,,,21/08/2026 22:19
9c7a0674-5407-4f19-936d-587bc4b828d1,arming.nexus,available,12.98,15.98,high,low,6,namecheap,,,20/09/2026 07:11
42075519-7527-4677-9d68-e44df673a4d5,stroller.nexus,available,12.98,15.98,high,low,8,namecheap,,,18/09/2026 17:04
83b77f38-8b95-4275-87a3-5391720fc750,naseby.nexus,available,12.98,15.98,medium,low,6,namecheap,,,22/09/2026 15:31
ff223932-2e25-4b75-81bd-7a5489e2d0c3,pita.nexus,premium,36.25,,high,low,4,name.com,,,
b9f3ef9a-5d12-4f82-a6dc-eb8dd09a6a7d,artiste.nexus,available,12.98,15.98,high,low,7,namecheap,,,20/09/2026 11:55
95590d9d-8121-4409-afd0-abbbf8c81cc9,dollars.nexus,premium,167.7,167.7,high,low,7,namecheap,,,17/09/2026 07:00
8c1d0fd8-e84e-4a5c-8de7-2dcf1f246d0f,nimiety.nexus,available,12.98,15.98,medium,low,7,namecheap,,,17/08/2026 16:13
5e045ee0-87ad-4ee1-b73a-d6273e6ec442,provide.nexus,premium,161.25,,high,low,7,name.com,,,
891143ff-375e-44ee-a909-18ba740abbce,lyons.nexus,premium,37.7,37.7,high,low,5,namecheap,,,25/09/2026 06:03
e02d9fce-065a-4521-90f3-3351ef89d1ab,parhelic.nexus,available,12.98,15.98,medium,low,8,namecheap,,,08/09/2026 01:31
ad6c3b93-fb32-48d4-bfe5-21e5371c1af6,miguel.nexus,premium,167.7,167.7,high,low,6,namecheap,,,25/09/2026 14:22
b95e054d-ba74-41b4-a1c2-57389dd3b4a5,thought.nexus,premium,161.25,,high,low,7,name.com,,,
c4535022-1ac7-4def-aca0-f85d65efb4a6,currawong.nexus,available,12.98,15.98,medium,low,9,namecheap,,,23/09/2026 05:33
5914a341-5c5f-4d0e-9b73-9ba17e90a51c,bushy.nexus,available,12.98,15.98,high,low,5,namecheap,,,11/08/2026 11:15
feb31d63-30d9-4891-a29f-14250f775d61,bezant.nexus,available,12.98,15.98,medium,low,6,namecheap,,,23/09/2026 12:11
b5153d60-0d02-4863-8af3-a6e6bf607e06,kauri.nexus,available,12.98,15.98,medium,low,5,namecheap,,,17/09/2026 16:32
89ccef43-3453-4f49-9b4c-acafd0744851,dawn.nexus,premium,161.25,,high,low,4,name.com,,,
bcd74e7d-7588-4d11-a7ac-7613615c33fd,blackface.nexus,available,12.98,15.98,medium,low,9,namecheap,,,24/09/2026 02:15
77686921-efb1-4777-952c-3bb3be839cc0,livid.nexus,available,12.98,15.98,medium,low,5,namecheap,,,07/08/2026 02:24
3bcf44a1-1ee6-442f-9737-9bc924bd8e51,hussy.nexus,available,12.98,15.98,medium,low,5,namecheap,,,17/09/2026 10:20
34d1e759-704c-4ef0-82a2-edc97856ea93,refractive.nexus,available,12.98,15.98,medium,low,10,namecheap,,,13/08/2026 23:32
df0139c3-7458-4d36-b120-a54fe001c27a,redolent.nexus,available,12.98,15.98,high,low,8,namecheap,,,17/08/2026 15:16
079ae1ee-4669-4a16-a810-595147743d2f,studios.nexus,premium,323.7,323.7,high,low,7,namecheap,,,18/09/2026 18:25
5de75f5d-8880-4ed0-b8c4-e2e5d803c11d,alone.nexus,premium,311.25,311.25,high,low,5,name.com,,,22/09/2026 01:57
5f3cee40-3332-41f6-ad9c-08e05e36818f,thinking.nexus,premium,161.25,,high,low,8,name.com,,,
98b7b3e8-9c5f-44e4-bfdf-108b3e0fdea8,crossing.nexus,premium,76.7,76.7,high,low,8,namecheap,,,27/09/2026 03:30
cea3e7a2-40ba-4397-bc83-f231a18dcf0e,bigfoot.nexus,premium,76.7,76.7,high,low,7,namecheap,,,23/09/2026 15:06
15accd13-aad3-4b6d-9eee-d35dc0eec5fc,antigram.nexus,available,12.98,15.98,low,low,8,namecheap,,,19/09/2026 14:31
78639ace-2dfb-43eb-b834-05304c5c6577,watkins.nexus,available,12.98,15.98,high,low,7,namecheap,,,25/09/2026 15:58
8e359f45-6174-428b-8430-4b646d1eb676,fatty.nexus,premium,73.75,73.75,high,low,5,name.com,,,17/08/2026 23:52
2a05dff3-ca20-4607-acbd-892be6026fe3,angelique.nexus,available,12.98,15.98,high,low,9,namecheap,,,19/09/2026 05:58
9a50a9fd-a52a-4217-832a-8aeaa3841008,abbe.nexus,available,12.98,15.98,medium,low,4,namecheap,,,16/09/2026 14:22
a57d9468-44d3-484c-8909-c064a4dbcec7,sauce.nexus,premium,161.25,,high,low,5,name.com,,,
f7a6da7d-a033-4d33-b8c2-b7706ea5ab01,tangle.nexus,premium,37.7,37.7,high,low,6,namecheap,,,25/09/2026 17:42
b422f626-e84d-400f-965a-a9d304a6f6bc,matted.nexus,available,12.98,15.98,medium,low,6,namecheap,,,24/08/2026 16:52
0707d68d-1067-4ff5-b471-912f1268dcc0,teetotal.nexus,available,12.98,15.98,medium,low,8,namecheap,,,11/09/2026 10:14
b06c6421-9136-4de5-aad4-75440dc28d26,antelope.nexus,available,12.98,15.98,high,low,8,namecheap,,,19/09/2026 12:50
5835d713-b1b5-476d-ba4d-d321db82885f,threefold.nexus,available,12.98,15.98,high,low,9,namecheap,,,14/08/2026 16:42
101987e6-7142-41e1-bd45-f2cc2eb03da0,kroeber.nexus,available,12.98,15.98,medium,low,7,namecheap,,,18/09/2026 06:35
ec3bea76-674e-48ab-91ca-d258c4f74bee,bosh.nexus,available,12.98,15.98,medium,low,4,namecheap,,,21/09/2026 23:47
d9352266-76b0-4a60-bd38-34a02f606b00,forbes.nexus,available,12.98,15.98,high,low,6,namecheap,,,25/09/2026 14:28
86ad9650-d774-4c26-9778-9fefd9c2b32f,aiken.nexus,available,12.98,15.98,high,low,5,namecheap,,,17/09/2026 21:01
2fe06cee-e6be-4e49-99d5-82f605ff5365,resonating.nexus,available,10.52,10.52,high,low,10,spaceship,,,27/09/2026 12:29
2fe03b94-2fb3-4413-a984-c3ceaf73f86e,childlike.nexus,available,12.98,15.98,high,low,9,namecheap,,,12/08/2026 05:12
3e34f794-23be-4fa3-871c-46213b4a6d46,implied.nexus,available,15.98,,high,low,7,namecheap,,,
3cd0d776-2a25-45cc-b262-281d58164697,anglia.nexus,premium,37.7,37.7,medium,low,6,namecheap,,,19/09/2026 06:45
5525c2bc-9fd2-4fa7-af64-34d28b912844,yuck.nexus,available,15.98,,high,low,4,namecheap,,,
01dfb494-3149-411a-9082-f8a2f2320749,laundry.nexus,premium,161.25,,high,low,7,name.com,,,
297114c2-2c75-43e3-b0f1-76d4cc0d1bc0,belt.nexus,premium,311.25,,high,low,4,name.com,,,
593c9420-2751-4a34-bc81-ee0b95896722,peiping.nexus,available,12.98,15.98,medium,low,7,namecheap,,,23/09/2026 04:16
d95e4fb2-2325-4097-ab17-5afc1624fa75,ombu.nexus,available,12.98,15.98,medium,low,4,namecheap,,,23/09/2026 05:53
23c32cc8-4b65-48e6-8dcf-bede7868f9a0,shintoist.nexus,available,12.98,15.98,high,medium,9,namecheap,,,10/09/2026 06:33
495c95f5-1e7a-409a-9a39-b52188fb0fdd,sumptuary.nexus,available,12.98,15.98,medium,low,9,namecheap,,,11/09/2026 01:40
0680303a-aab4-4f90-af6c-0aef509ef697,erotic.nexus,premium,311.25,311.25,high,low,6,name.com,,,17/08/2026 12:42
4e3d843b-f175-47d0-bf4f-15bd7037f625,hutchinson.nexus,available,12.98,15.98,high,low,10,namecheap,,,19/09/2026 10:20
c61a1848-ff5b-4532-8a91-4cf761480b7b,lift.nexus,premium,323.7,323.7,high,low,4,namecheap,,,03/09/2026 17:40
7a2a18b7-cc5b-4cd3-a683-b3aae2d48cce,happens.nexus,premium,36.25,,medium,low,7,name.com,,,
9c19bf24-2b4b-4afc-adc8-e778589a7ad1,stiff.nexus,available,12.98,15.98,medium,low,5,namecheap,,,09/08/2026 16:54
488cd077-4ee5-4e30-afb1-822b88589d37,peopled.nexus,available,12.98,15.98,medium,low,7,namecheap,,,08/09/2026 15:32
cc95eada-19ab-4524-a9d6-c9e38fffb89f,slavelike.nexus,available,12.98,15.98,medium,low,9,namecheap,,,10/09/2026 10:32
6292d42a-c95a-4965-b10e-0a9a44f2a610,daredevil.nexus,available,16.99,16.99,high,low,9,name.com,,,13/08/2026 17:43
7e2cda08-82c2-4953-a257-3d5a5764158a,trig.nexus,available,12.98,15.98,high,low,4,namecheap,,,12/08/2026 10:13
f3627e80-6197-45e7-865e-72ee9d323fe6,abstractly.nexus,available,12.98,15.98,medium,low,10,namecheap,,,13/09/2026 16:42
3cdcb5b0-e176-4b7a-963c-07199b295325,slightly.nexus,premium,37.7,37.7,medium,low,8,namecheap,,,16/09/2026 02:36
8fa60057-78be-4b66-b710-3d777d17e312,lesser.nexus,available,12.98,15.98,medium,low,6,namecheap,,,23/08/2026 00:24
e9d1e369-b937-4e4e-a04c-53f8f01537fb,aardwolf.nexus,available,12.98,15.98,medium,low,8,namecheap,,,19/09/2026 15:52
237da4e3-6dbc-459f-a1a7-c01c0772d880,distinctly.nexus,available,12.98,15.98,high,low,10,namecheap,,,14/09/2026 13:19
7cbf0b68-74a1-40c0-8eb7-062aae8424fd,selfmade.nexus,premium,37.7,37.7,high,low,9,namecheap,,,10/09/2026 02:03
0e418915-92c5-42ff-9cdd-ce3460f0194d,costal.nexus,available,12.98,15.98,high,low,6,namecheap,,,13/08/2026 03:04
448c7dbb-0ebb-4a5d-88dc-9c0d877fe68b,nora.nexus,premium,76.7,76.7,high,low,4,namecheap,,,25/09/2026 14:35
8ab5395c-4582-4097-850c-a22310da6381,heavily.nexus,available,12.98,15.98,medium,low,7,namecheap,,,21/08/2026 05:28
5de9bbad-5544-44f6-adc4-137c3f439878,sestet.nexus,available,,,medium,low,6,,,,
b1ad2f12-4aa4-499f-b31c-0ae311b3a9ac,briny.nexus,available,12.98,15.98,medium,low,5,namecheap,,,11/08/2026 04:25
756c36f3-5ee3-47b0-bf37-4ccc006f7549,ron.nexus,premium,76.7,76.7,high,low,3,namecheap,,,25/09/2026 00:25
5527ef49-d2c9-4699-88c9-99ef66c843e7,burgess.nexus,available,12.98,15.98,medium,low,7,namecheap,,,19/09/2026 13:35
c25342ca-e3a0-4211-9384-5d9c9b450b46,remarkably.nexus,available,12.98,15.98,high,low,10,namecheap,,,15/09/2026 23:06
96e0aeae-a600-450f-a9a5-9c818f8280ed,coerce.nexus,available,12.98,15.98,medium,low,6,namecheap,,,20/08/2026 22:25
e0d91f00-182e-4303-99a0-bb23a27c1c2c,ytterbium.nexus,available,16.99,16.99,medium,low,9,name.com,,,20/09/2026 23:38
936a2644-4657-4b52-a188-216a4e55724e,insensible.nexus,available,12.98,15.98,medium,low,10,namecheap,,,22/08/2026 06:47
bbced271-e07e-44aa-aad7-cf5c095730b6,anamnesis.nexus,available,12.98,15.98,medium,low,9,namecheap,,,19/09/2026 02:01
446a2ff8-fd74-487c-b341-aacf18b3a8b3,guitar.nexus,premium,623.75,,high,low,6,name.com,,,
47c71438-559e-429d-a82e-e776ac585c5d,computable.nexus,available,12.98,15.98,high,low,10,namecheap,,,12/08/2026 19:42
c7b11a17-066a-47e6-8436-7dbd1510d232,armageddon.nexus,available,12.98,15.98,high,low,10,namecheap,,,20/09/2026 06:29
84563dc8-1947-4764-adf7-ac8bf6637a7f,thyroid.nexus,premium,37.7,37.7,high,low,7,namecheap,,,11/09/2026 15:18
f441f896-014e-401e-8f29-c5b16595c206,taylor.nexus,premium,311.25,,high,low,6,name.com,,,
2ffa98fd-c633-4118-b5ca-f0d7411ca035,gastric.nexus,available,12.98,15.98,medium,low,7,namecheap,,,18/08/2026 20:32
4a9cb9d7-af30-4537-9e2b-ed58631c00aa,gorgeous.nexus,premium,37.7,37.7,high,low,8,namecheap,,,24/09/2026 22:48
ccf6b2c9-6b51-4fbf-a245-c2b0f3ffe2b4,windless.nexus,available,12.98,15.98,medium,low,8,namecheap,,,13/09/2026 12:14
fe06ca50-9087-41c9-93b2-edb72c154b5b,hampton.nexus,premium,76.7,76.7,high,low,7,namecheap,,,25/09/2026 06:48
ecc53d58-a918-4d7b-bf50-edfe5688a8fd,iodin.nexus,available,12.98,15.98,high,low,5,namecheap,,,21/08/2026 17:26
01d0e0be-85a6-4b4d-b324-7012edcabd26,tragicomic.nexus,available,12.98,15.98,medium,low,10,namecheap,,,11/09/2026 18:46
d57a92cf-65e5-4f4a-84b8-37c9d4b9a177,filial.nexus,available,12.98,15.98,medium,low,6,namecheap,,,18/08/2026 04:17
5c150eb6-5210-461b-86b3-a439140d2a89,coexisting.nexus,available,12.98,15.98,medium,low,10,namecheap,,,12/08/2026 15:32
294f5918-19cb-418c-b37b-aae59bf1caaa,ards.nexus,premium,37.7,37.7,medium,low,4,namecheap,,,17/09/2026 10:14
b855aa35-72c3-4469-a88b-2e2bd8d2ad2c,incline.nexus,available,15.98,,high,low,7,namecheap,,,
f92b9ed4-bdc7-401d-8a42-86bae7ed3bb5,reject.nexus,premium,76.7,76.7,high,low,6,namecheap,,,24/09/2026 20:15
a420cfdc-3aca-4fe1-a6e4-cc168a0c6d4d,bailey.nexus,premium,161.25,161.25,high,low,6,name.com,,,21/09/2026 19:05
3676546c-1e76-4949-b18e-c65ba35c6102,campground.nexus,available,12.98,15.98,high,low,10,namecheap,,,24/09/2026 11:56
54ce38df-6178-46e0-88b9-7480731a81b6,trackless.nexus,available,12.98,15.98,medium,low,9,namecheap,,,08/09/2026 10:29
830001af-1b46-45af-9d4f-b28a830c672c,ronnie.nexus,premium,37.7,37.7,high,low,6,namecheap,,,27/09/2026 07:42
1ed82615-f3bf-4509-b91a-43d1c919fa49,boreal.nexus,available,12.98,15.98,high,low,6,namecheap,,,10/08/2026 19:55
b166197b-3fb9-496a-8621-588fdd21d334,affair.nexus,premium,37.7,37.7,high,low,6,namecheap,,,17/09/2026 13:59
a7a88a1d-1e74-4b67-ac94-d498b871b05b,disarming.nexus,available,12.98,15.98,high,low,9,namecheap,,,14/08/2026 09:30
16769473-0913-497a-8b32-05e957862fbd,teller.nexus,premium,76.7,76.7,high,low,6,namecheap,,,22/09/2026 02:23
66a4bd5a-49f8-4f04-a171-f469ea1f9d37,translation.nexus,premium,73.75,,high,low,11,name.com,,,
601b1511-cc7b-4795-b774-6e21bd97a440,failures.nexus,available,12.98,15.98,low,low,8,namecheap,,,20/09/2026 17:55
4421d5f0-d15e-4e1f-9efb-f52dfd0a977e,heidelberg.nexus,premium,37.7,37.7,high,low,10,namecheap,,,25/09/2026 16:09
c7d1f0a5-6e9c-40cb-abaa-047a63a2bcaf,editor.nexus,premium,648.7,648.7,high,low,6,namecheap,,,25/09/2026 05:10
0d51d600-e0d0-4beb-888b-19a25daeaf25,clients.nexus,premium,167.7,167.7,high,low,7,namecheap,,,19/09/2026 19:21
01b8486f-3a05-4b73-9141-c68e16dfd6fb,areal.nexus,premium,36.25,36.25,medium,low,5,name.com,,,06/08/2026 17:21
ba5028d0-7679-488a-88ef-6f2c7c361148,airdrome.nexus,available,12.98,15.98,medium,low,8,namecheap,,,17/09/2026 12:57
a7ad6345-b01f-4205-8533-eca27c815e56,straining.nexus,available,12.98,15.98,medium,low,9,namecheap,,,10/09/2026 21:43
3a3b0b57-359d-4458-8d3f-d3cb9b046ea5,susurrant.nexus,available,12.98,15.98,medium,low,9,namecheap,,,03/09/2026 11:08
49027d98-ec7a-432d-baee-3ea56defb1fd,laudable.nexus,available,12.98,15.98,high,low,8,namecheap,,,06/08/2026 07:01
14ec524f-ce3c-46e4-9589-9d006d15f1d0,commander.nexus,premium,37.7,37.7,high,low,9,namecheap,,,17/09/2026 22:14
6e6bcc5e-87dd-4e09-9811-fbaeb9ccb9d3,laced.nexus,available,12.98,15.98,high,low,5,namecheap,,,22/08/2026 17:44
c598e223-bdd0-4a1b-8f75-dfd8b77000fd,hernandez.nexus,premium,37.7,37.7,high,low,9,namecheap,,,25/09/2026 16:13
a23a3b24-74be-4399-b414-76ac556b8856,subscript.nexus,available,12.98,15.98,high,low,9,namecheap,,,11/09/2026 00:43
8b9ec05d-288b-4b92-b01a-5306e4d98e0e,imagined.nexus,available,12.98,15.98,high,low,8,namecheap,,,27/09/2026 09:43
1fc3e29a-0568-4ad8-8c9b-45f48ce14bf1,gregor.nexus,available,15.98,,high,low,6,namecheap,,,
2f216e41-d8bd-4f47-92ee-f7a5a0544d90,ravaged.nexus,available,12.98,15.98,medium,low,7,namecheap,,,14/08/2026 04:29
f4c1f806-d52b-45c8-af4c-c5547bcc4d3a,hausen.nexus,available,12.98,15.98,high,low,6,namecheap,,,17/09/2026 01:50
dcdcb284-501a-4223-b3c1-02045e4f13b0,explorer.nexus,premium,161.25,,high,low,8,name.com,,,
e53ce410-870c-4379-bcb2-1955b0eca321,acrobates.nexus,available,12.98,15.98,medium,low,9,namecheap,,,17/09/2026 03:18
4841351e-0f92-456d-9779-9f18319d3c27,cuneiform.nexus,available,12.98,15.98,medium,low,9,namecheap,,,13/08/2026 10:34
ee56c887-7d44-4a8a-99ae-7cdef41074ad,christian.nexus,premium,167.7,167.7,high,medium,9,namecheap,,,23/09/2026 14:35
581096f2-67d6-4f46-8f7e-2c77d50225df,office.nexus,premium,1298.7,1298.7,high,medium,6,namecheap,,,25/09/2026 17:33
4c59eb58-cad5-4b0d-adb2-5031db3d3ee2,anecdote.nexus,available,12.98,15.98,high,low,8,namecheap,,,19/09/2026 05:07
44b809e8-a355-4e10-8066-2036d506585f,litre.nexus,available,12.98,15.98,high,low,5,namecheap,,,22/08/2026 17:09
3c2d49b4-f156-4213-9556-5e269b013df6,aden.nexus,premium,37.7,37.7,medium,low,4,namecheap,,,17/09/2026 07:22
63da257c-efe8-4d17-841f-074ee65256c2,overladen.nexus,available,12.98,15.98,medium,low,9,namecheap,,,04/09/2026 20:51
2e37fc6a-b19c-4211-b81d-20f6c12bae30,browned.nexus,available,12.98,15.98,medium,low,7,namecheap,,,11/08/2026 06:29
a36f3b81-9695-4f51-9ea5-5d826a1d29a5,dragged.nexus,available,12.98,15.98,medium,low,7,namecheap,,,27/09/2026 10:34
348a7daa-425a-4187-ba96-0a1728360d47,thereafter.nexus,available,12.98,15.98,high,low,10,namecheap,,,16/09/2026 08:38
8ad14ded-86e0-4dc8-9549-e6136bb95a38,aftertaste.nexus,available,12.98,15.98,high,low,10,namecheap,,,17/09/2026 15:52
7e705cdc-b477-4825-9b92-025c30744539,questioning.nexus,available,12.98,15.98,high,low,11,namecheap,,,27/09/2026 09:01
6e1b996e-ba88-439c-9522-6a4a06f84cde,gumptious.nexus,available,12.98,15.98,medium,low,9,namecheap,,,20/08/2026 20:57
98ca6595-2109-4183-a5b6-aaf767e6fbbe,korean.nexus,premium,311.25,311.25,high,low,6,name.com,,,22/08/2026 17:02
b5c1022e-cefe-4721-8001-64c9b62a53fc,pampering.nexus,available,12.98,15.98,high,low,9,namecheap,,,05/09/2026 00:29
16449e2d-86d4-4978-b0b3-b29f593713c4,phrase.nexus,premium,73.75,,high,low,6,name.com,,,
734451ef-267e-40b2-812f-885357e64b89,beda.nexus,available,12.98,15.98,high,low,4,namecheap,,,21/09/2026 17:20
ce224dad-8310-4dec-84ee-3b68c19b1bb6,atlas.nexus,premium,323.7,323.7,high,medium,5,namecheap,,,20/09/2026 21:47
948d1c6a-d9f2-4b59-912d-421acc106930,chordate.nexus,available,12.98,15.98,medium,low,8,namecheap,,,12/08/2026 07:12
dc5cbf38-fe02-4ddf-b869-e72745c7ba09,fatso.nexus,available,12.98,15.98,medium,low,5,namecheap,,,17/08/2026 23:54
cf2704f2-4012-47cc-9eb0-43fb47f91cca,aunts.nexus,available,12.98,15.98,medium,low,5,namecheap,,,18/09/2026 15:51
294c4240-4a4d-4b95-8357-87fc55960f2a,lisboa.nexus,premium,73.75,,high,low,6,name.com,,,
67b9dee4-9a86-43cb-9064-715d0a0126db,acclivity.nexus,available,12.98,15.98,medium,low,9,namecheap,,,16/09/2026 22:40
2de94548-4da0-4c90-a38e-d07c7e7244dd,arresting.nexus,available,12.98,15.98,high,low,9,namecheap,,,06/08/2026 21:47
e2cb1364-9767-4f80-8214-2bed7d6b1ffa,focuses.nexus,premium,37.7,37.7,medium,low,7,namecheap,,,20/09/2026 21:43
3b7cfec3-b6ed-4e68-9a92-f59d118b01ef,cranky.nexus,available,12.98,15.98,medium,low,6,namecheap,,,13/08/2026 04:53
3549b47f-e0cb-460d-a83a-6bbfe860d28a,coccoid.nexus,available,12.98,15.98,medium,low,7,namecheap,,,12/08/2026 14:41
bbbb631d-089b-473a-8f81-469557d4d6a3,sour.nexus,premium,36.25,36.25,high,low,4,name.com,,,20/08/2026 15:04
9ffa4381-44f2-431b-b752-ffb19360affd,film.nexus,premium,648.7,648.7,high,medium,4,namecheap,,,23/09/2026 07:55
1a5a07f8-32d0-4ca4-85a8-acf16aede6fb,skyline.nexus,premium,76.7,76.7,high,low,7,namecheap,,,19/09/2026 20:18
170b8159-0d6a-4ead-b063-3537038e4903,akkadian.nexus,available,16.99,16.99,high,low,8,name.com,,,18/09/2026 00:10
8af3169d-0332-4866-ad58-25ebae91c7fe,scalable.nexus,premium,76.7,76.7,high,low,8,namecheap,,,09/09/2026 22:15
f01272b7-4635-45f7-83c0-3695b2a448f0,aubergine.nexus,available,12.98,15.98,high,low,9,namecheap,,,21/09/2026 02:33
a6629fbf-bee5-45b2-8f62-232292d4aec4,patriot.nexus,premium,37.7,37.7,high,low,7,namecheap,,,03/09/2026 13:42
8d0a73c7-62d7-4215-83c2-9552fc2fe4e0,brennan.nexus,available,12.98,15.98,high,low,7,namecheap,,,25/09/2026 21:53
8030338d-97c7-4997-a1a6-decf3dad861a,wesley.nexus,premium,167.7,167.7,high,low,6,namecheap,,,25/09/2026 22:12
fd29b966-db40-4731-b5fe-ee660dc2ad17,baseplate.nexus,available,15.98,,medium,low,10,namecheap,,,
2e7abad7-5710-4ded-928d-ad9aac243bef,rethink.nexus,premium,76.7,76.7,high,low,7,namecheap,,,17/09/2026 15:53
24aa923b-e20f-41fa-a068-3d4864dc1827,regression.nexus,premium,37.7,37.7,high,low,10,namecheap,,,20/09/2026 09:08
4718931b-996c-4d92-916e-2e83595b67f3,languages.nexus,premium,73.75,73.75,medium,low,9,name.com,,,
9bb5588f-91ca-489c-8ce1-4407c4d50d3e,attic.nexus,premium,73.75,73.75,high,low,5,name.com,,,07/08/2026 15:46
d2f50429-1dd8-4ed5-87cb-b67954571949,scripted.nexus,available,15.98,,high,low,8,namecheap,,,
4b214a3e-a38e-4ada-8462-da4c52913cb7,fadeout.nexus,available,12.98,15.98,medium,low,7,namecheap,,,09/09/2026 11:18
0ce0b7a4-17e8-4be4-ae64-c37e75967037,inhale.nexus,available,15.98,,high,low,6,namecheap,,,
749a8b9b-75dc-4cbe-9d38-2696cebf06bd,airmailer.nexus,available,12.98,15.98,medium,low,9,namecheap,,,17/09/2026 23:15
0faa465c-d4b9-4b57-a902-471da4d9a046,brooklyn.nexus,premium,167.7,167.7,high,low,8,namecheap,,,24/09/2026 10:45
a64f2c2b-6cf3-4703-9fca-33bf4c27d8e9,jabiru.nexus,available,16.99,16.99,medium,low,6,name.com,,,23/09/2026 23:50
73d0a758-283d-47b3-889d-3a844fb2cb5a,towering.nexus,available,12.98,15.98,high,low,8,namecheap,,,11/09/2026 18:24
6cb34122-d224-4511-a000-6895578427bc,archery.nexus,premium,76.7,76.7,high,low,7,namecheap,,,20/09/2026 02:00
e9e4a6c6-a035-416a-95c7-b04acb189548,stream.nexus,premium,167.7,167.7,high,medium,6,namecheap,,,27/09/2026 05:33
63a2289e-b539-47d0-9208-12de991756b0,unduly.nexus,available,12.98,15.98,medium,low,6,namecheap,,,16/09/2026 10:01
43116eea-80ad-4d60-aa4d-fc966f260154,anthropoid.nexus,available,12.98,15.98,medium,low,10,namecheap,,,
ef951f7d-22b3-40d0-9a8b-edbf378898d9,ravenna.nexus,available,12.98,15.98,medium,low,7,namecheap,,,22/09/2026 15:51
5d54b4be-ea10-487d-88e7-efd3ebb648e1,soaker.nexus,available,12.98,15.98,medium,low,6,namecheap,,,
88924f8a-03c3-450e-bbee-aa31914ab9dd,sculptured.nexus,available,12.98,15.98,high,low,10,namecheap,,,20/08/2026 18:52
a36bdfe4-7077-485a-9796-e31064ef7629,balancing.nexus,available,12.98,15.98,high,low,9,namecheap,,,21/09/2026 20:56
f934a969-8f97-4411-9b44-56d6e2261fb8,prostrate.nexus,available,12.98,15.98,high,low,9,namecheap,,,09/09/2026 03:57
7e9a53da-6ab4-45b2-ac30-2003727a7f58,dyadic.nexus,available,12.98,15.98,high,low,6,namecheap,,,14/08/2026 21:52
9f05e651-d586-4b36-81d7-4b355a3ee79c,biomass.nexus,premium,76.7,76.7,high,low,7,namecheap,,,23/09/2026 18:29
b9761d8a-cc04-45d5-830e-835456d234b9,academy.nexus,premium,623.75,623.75,high,low,7,name.com,,,16/09/2026 20:24
97fb6d0d-eb5b-49fc-8918-653708d7087f,reason.nexus,premium,311.25,311.25,high,low,6,name.com,,,25/09/2026 10:15
e284a856-f93e-4f42-b90c-858cf6ad2e48,sunglass.nexus,available,15.98,,high,low,8,namecheap,,,
1761a99c-28f2-434e-a30c-8f7deb1658d2,angle.nexus,premium,167.7,167.7,high,low,5,namecheap,,,25/09/2026 13:22
4793cca6-b119-4d03-b5f3-12cbc2ed3f3c,widowed.nexus,available,15.98,,medium,low,7,namecheap,,,